run,experiment_id,fold,head,bin,auc,sens_at_fpr,thr_at_fpr,n_pos,n_neg,fpr_target
audio_dim_reduction_experiments,audio_core_catboost,1,aud,"(10.0,15.0]",0.33171912832929784,0.14285714285714285,0.43637553941906065,7,59,0.1
audio_dim_reduction_experiments,audio_core_catboost,1,aud,"(5.0,10.0]",0.4651600753295669,0.2222222222222222,0.43637553941906065,9,59,0.1
audio_dim_reduction_experiments,audio_core_catboost,1,aud,"[0.0,5.0]",0.5317796610169492,0.25,0.43637553941906065,16,59,0.1
audio_dim_reduction_experiments,audio_core_catboost,2,aud,"(10.0,15.0]",0.5583333333333332,0.2,0.6248211376172365,10,60,0.1
audio_dim_reduction_experiments,audio_core_catboost,2,aud,"(5.0,10.0]",0.7000000000000001,0.2,0.6248211376172365,5,60,0.1
audio_dim_reduction_experiments,audio_core_catboost,2,aud,"[0.0,5.0]",0.4708333333333333,0.1875,0.6248211376172365,16,60,0.1
audio_dim_reduction_experiments,audio_core_catboost,3,aud,"(10.0,15.0]",0.6218905472636815,0.0,0.8221413099545586,3,67,0.1
audio_dim_reduction_experiments,audio_core_catboost,3,aud,"(5.0,10.0]",0.6631130063965884,0.2857142857142857,0.8221413099545586,7,67,0.1
audio_dim_reduction_experiments,audio_core_catboost,3,aud,"[0.0,5.0]",0.699360341151386,0.35714285714285715,0.8221413099545586,14,67,0.1
audio_dim_reduction_experiments,audio_core_catboost,4,aud,"(10.0,15.0]",0.46984126984126984,0.0,0.48258756763845384,5,63,0.1
audio_dim_reduction_experiments,audio_core_catboost,4,aud,"(5.0,10.0]",0.5782312925170068,0.14285714285714285,0.48258756763845384,7,63,0.1
audio_dim_reduction_experiments,audio_core_catboost,4,aud,"[0.0,5.0]",0.47420634920634924,0.0625,0.48258756763845384,16,63,0.1
audio_dim_reduction_experiments,audio_core_catboost,5,aud,"(10.0,15.0]",0.1866666666666667,0.0,0.7746245570501429,2,75,0.1
audio_dim_reduction_experiments,audio_core_catboost,5,aud,"(5.0,10.0]",0.48,0.0,0.7746245570501429,4,75,0.1
audio_dim_reduction_experiments,audio_core_catboost,5,aud,"[0.0,5.0]",0.44933333333333325,0.1,0.7746245570501429,10,75,0.1
audio_dim_reduction_experiments,audio_core_lr,1,aud,"(10.0,15.0]",0.3196125907990315,0.14285714285714285,0.6070871682063586,7,59,0.1
audio_dim_reduction_experiments,audio_core_lr,1,aud,"(5.0,10.0]",0.4613935969868173,0.1111111111111111,0.6070871682063586,9,59,0.1
audio_dim_reduction_experiments,audio_core_lr,1,aud,"[0.0,5.0]",0.5286016949152542,0.25,0.6070871682063586,16,59,0.1
audio_dim_reduction_experiments,audio_core_lr,2,aud,"(10.0,15.0]",0.48166666666666674,0.0,0.6697928425344334,10,60,0.1
audio_dim_reduction_experiments,audio_core_lr,2,aud,"(5.0,10.0]",0.5233333333333333,0.2,0.6697928425344334,5,60,0.1
audio_dim_reduction_experiments,audio_core_lr,2,aud,"[0.0,5.0]",0.34166666666666673,0.0625,0.6697928425344334,16,60,0.1
audio_dim_reduction_experiments,audio_core_lr,3,aud,"(10.0,15.0]",0.36318407960199,0.0,0.6692349785474225,3,67,0.1
audio_dim_reduction_experiments,audio_core_lr,3,aud,"(5.0,10.0]",0.4797441364605544,0.14285714285714285,0.6692349785474225,7,67,0.1
audio_dim_reduction_experiments,audio_core_lr,3,aud,"[0.0,5.0]",0.5298507462686567,0.07142857142857142,0.6692349785474225,14,67,0.1
audio_dim_reduction_experiments,audio_core_lr,4,aud,"(10.0,15.0]",0.34285714285714286,0.0,0.6017661607560966,5,63,0.1
audio_dim_reduction_experiments,audio_core_lr,4,aud,"(5.0,10.0]",0.2811791383219955,0.0,0.6017661607560966,7,63,0.1
audio_dim_reduction_experiments,audio_core_lr,4,aud,"[0.0,5.0]",0.625,0.1875,0.6017661607560966,16,63,0.1
audio_dim_reduction_experiments,audio_core_lr,5,aud,"(10.0,15.0]",0.36,0.0,0.5495455122319785,2,75,0.1
audio_dim_reduction_experiments,audio_core_lr,5,aud,"(5.0,10.0]",0.63,0.5,0.5495455122319785,4,75,0.1
audio_dim_reduction_experiments,audio_core_lr,5,aud,"[0.0,5.0]",0.62,0.2,0.5495455122319785,10,75,0.1
audio_dim_reduction_experiments,early_fusion_audio_pca_catboost,1,fus,"(10.0,15.0]",0.4721549636803874,0.14285714285714285,0.6439773969875742,7,59,0.1
audio_dim_reduction_experiments,early_fusion_audio_pca_catboost,1,fus,"(5.0,10.0]",0.6459510357815443,0.2222222222222222,0.6439773969875742,9,59,0.1
audio_dim_reduction_experiments,early_fusion_audio_pca_catboost,1,fus,"[0.0,5.0]",0.5974576271186441,0.0625,0.6439773969875742,16,59,0.1
audio_dim_reduction_experiments,early_fusion_audio_pca_catboost,2,fus,"(10.0,15.0]",0.7066666666666668,0.5,0.5734864172714895,10,60,0.1
audio_dim_reduction_experiments,early_fusion_audio_pca_catboost,2,fus,"(5.0,10.0]",0.5433333333333333,0.4,0.5734864172714895,5,60,0.1
audio_dim_reduction_experiments,early_fusion_audio_pca_catboost,2,fus,"[0.0,5.0]",0.44687499999999997,0.0,0.5734864172714895,16,60,0.1
audio_dim_reduction_experiments,early_fusion_audio_pca_catboost,3,fus,"(10.0,15.0]",0.5721393034825871,0.0,0.7724533757106127,3,67,0.1
audio_dim_reduction_experiments,early_fusion_audio_pca_catboost,3,fus,"(5.0,10.0]",0.6055437100213219,0.0,0.7724533757106127,7,67,0.1
audio_dim_reduction_experiments,early_fusion_audio_pca_catboost,3,fus,"[0.0,5.0]",0.6588486140724947,0.07142857142857142,0.7724533757106127,14,67,0.1
audio_dim_reduction_experiments,early_fusion_audio_pca_catboost,4,fus,"(10.0,15.0]",0.3650793650793651,0.0,0.47802691253084334,5,63,0.1
audio_dim_reduction_experiments,early_fusion_audio_pca_catboost,4,fus,"(5.0,10.0]",0.5804988662131519,0.14285714285714285,0.47802691253084334,7,63,0.1
audio_dim_reduction_experiments,early_fusion_audio_pca_catboost,4,fus,"[0.0,5.0]",0.5962301587301588,0.25,0.47802691253084334,16,63,0.1
audio_dim_reduction_experiments,early_fusion_audio_pca_catboost,5,fus,"(10.0,15.0]",0.30666666666666664,0.0,0.633643609100545,2,75,0.1
audio_dim_reduction_experiments,early_fusion_audio_pca_catboost,5,fus,"(5.0,10.0]",0.44666666666666666,0.0,0.633643609100545,4,75,0.1
audio_dim_reduction_experiments,early_fusion_audio_pca_catboost,5,fus,"[0.0,5.0]",0.6026666666666667,0.2,0.633643609100545,10,75,0.1
audio_dim_reduction_experiments,early_fusion_audio_pca_lr,1,fus,"(10.0,15.0]",0.41404358353510895,0.14285714285714285,0.6829117576506776,7,59,0.1
audio_dim_reduction_experiments,early_fusion_audio_pca_lr,1,fus,"(5.0,10.0]",0.6459510357815442,0.3333333333333333,0.6829117576506776,9,59,0.1
audio_dim_reduction_experiments,early_fusion_audio_pca_lr,1,fus,"[0.0,5.0]",0.5709745762711864,0.25,0.6829117576506776,16,59,0.1
audio_dim_reduction_experiments,early_fusion_audio_pca_lr,2,fus,"(10.0,15.0]",0.6616666666666666,0.2,0.7662305451991362,10,60,0.1
audio_dim_reduction_experiments,early_fusion_audio_pca_lr,2,fus,"(5.0,10.0]",0.5733333333333334,0.4,0.7662305451991362,5,60,0.1
audio_dim_reduction_experiments,early_fusion_audio_pca_lr,2,fus,"[0.0,5.0]",0.32395833333333335,0.0,0.7662305451991362,16,60,0.1
audio_dim_reduction_experiments,early_fusion_audio_pca_lr,3,fus,"(10.0,15.0]",0.5671641791044776,0.3333333333333333,0.7938023149623594,3,67,0.1
audio_dim_reduction_experiments,early_fusion_audio_pca_lr,3,fus,"(5.0,10.0]",0.5927505330490406,0.2857142857142857,0.7938023149623594,7,67,0.1
audio_dim_reduction_experiments,early_fusion_audio_pca_lr,3,fus,"[0.0,5.0]",0.593816631130064,0.07142857142857142,0.7938023149623594,14,67,0.1
audio_dim_reduction_experiments,early_fusion_audio_pca_lr,4,fus,"(10.0,15.0]",0.28571428571428575,0.0,0.7987424318825105,5,63,0.1
audio_dim_reduction_experiments,early_fusion_audio_pca_lr,4,fus,"(5.0,10.0]",0.5691609977324262,0.0,0.7987424318825105,7,63,0.1
audio_dim_reduction_experiments,early_fusion_audio_pca_lr,4,fus,"[0.0,5.0]",0.6636904761904762,0.3125,0.7987424318825105,16,63,0.1
audio_dim_reduction_experiments,early_fusion_audio_pca_lr,5,fus,"(10.0,15.0]",0.18666666666666665,0.0,0.78217958306588,2,75,0.1
audio_dim_reduction_experiments,early_fusion_audio_pca_lr,5,fus,"(5.0,10.0]",0.49000000000000005,0.25,0.78217958306588,4,75,0.1
audio_dim_reduction_experiments,early_fusion_audio_pca_lr,5,fus,"[0.0,5.0]",0.5653333333333334,0.2,0.78217958306588,10,75,0.1
audio_dim_reduction_experiments,early_fusion_coreaudio_catboost,1,fus,"(10.0,15.0]",0.38014527845036317,0.0,0.6959028247897429,7,59,0.1
audio_dim_reduction_experiments,early_fusion_coreaudio_catboost,1,fus,"(5.0,10.0]",0.5725047080979284,0.0,0.6959028247897429,9,59,0.1
audio_dim_reduction_experiments,early_fusion_coreaudio_catboost,1,fus,"[0.0,5.0]",0.5624999999999999,0.1875,0.6959028247897429,16,59,0.1
audio_dim_reduction_experiments,early_fusion_coreaudio_catboost,2,fus,"(10.0,15.0]",0.5916666666666667,0.2,0.7325134318461732,10,60,0.1
audio_dim_reduction_experiments,early_fusion_coreaudio_catboost,2,fus,"(5.0,10.0]",0.6166666666666667,0.2,0.7325134318461732,5,60,0.1
audio_dim_reduction_experiments,early_fusion_coreaudio_catboost,2,fus,"[0.0,5.0]",0.47291666666666665,0.0625,0.7325134318461732,16,60,0.1
audio_dim_reduction_experiments,early_fusion_coreaudio_catboost,3,fus,"(10.0,15.0]",0.5174129353233831,0.3333333333333333,0.6790894805015341,3,67,0.1
audio_dim_reduction_experiments,early_fusion_coreaudio_catboost,3,fus,"(5.0,10.0]",0.5842217484008528,0.2857142857142857,0.6790894805015341,7,67,0.1
audio_dim_reduction_experiments,early_fusion_coreaudio_catboost,3,fus,"[0.0,5.0]",0.7260127931769722,0.35714285714285715,0.6790894805015341,14,67,0.1
audio_dim_reduction_experiments,early_fusion_coreaudio_catboost,4,fus,"(10.0,15.0]",0.5333333333333334,0.0,0.4827837731898134,5,63,0.1
audio_dim_reduction_experiments,early_fusion_coreaudio_catboost,4,fus,"(5.0,10.0]",0.6054421768707483,0.14285714285714285,0.4827837731898134,7,63,0.1
audio_dim_reduction_experiments,early_fusion_coreaudio_catboost,4,fus,"[0.0,5.0]",0.5615079365079365,0.125,0.4827837731898134,16,63,0.1
audio_dim_reduction_experiments,early_fusion_coreaudio_catboost,5,fus,"(10.0,15.0]",0.30666666666666664,0.0,0.691071421964268,2,75,0.1
audio_dim_reduction_experiments,early_fusion_coreaudio_catboost,5,fus,"(5.0,10.0]",0.7,0.25,0.691071421964268,4,75,0.1
audio_dim_reduction_experiments,early_fusion_coreaudio_catboost,5,fus,"[0.0,5.0]",0.6186666666666667,0.3,0.691071421964268,10,75,0.1
catboost_cfg_sweep,audio_catboost_cfg1,1,aud,"(10.0,15.0]",0.40435835351089594,0.14285714285714285,0.5341044522111053,7,59,0.1
catboost_cfg_sweep,audio_catboost_cfg1,1,aud,"(5.0,10.0]",0.5480225988700564,0.1111111111111111,0.5341044522111053,9,59,0.1
catboost_cfg_sweep,audio_catboost_cfg1,1,aud,"[0.0,5.0]",0.6207627118644068,0.25,0.5341044522111053,16,59,0.1
catboost_cfg_sweep,audio_catboost_cfg1,2,aud,"(10.0,15.0]",0.5266666666666666,0.2,0.37678713146165277,10,60,0.1
catboost_cfg_sweep,audio_catboost_cfg1,2,aud,"(5.0,10.0]",0.5966666666666667,0.2,0.37678713146165277,5,60,0.1
catboost_cfg_sweep,audio_catboost_cfg1,2,aud,"[0.0,5.0]",0.4322916666666667,0.1875,0.37678713146165277,16,60,0.1
catboost_cfg_sweep,audio_catboost_cfg1,3,aud,"(10.0,15.0]",0.7910447761194029,0.3333333333333333,0.6077073627641177,3,67,0.1
catboost_cfg_sweep,audio_catboost_cfg1,3,aud,"(5.0,10.0]",0.5223880597014925,0.2857142857142857,0.6077073627641177,7,67,0.1
catboost_cfg_sweep,audio_catboost_cfg1,3,aud,"[0.0,5.0]",0.570362473347548,0.2857142857142857,0.6077073627641177,14,67,0.1
catboost_cfg_sweep,audio_catboost_cfg1,4,aud,"(10.0,15.0]",0.2920634920634921,0.0,0.43524663809713204,5,63,0.1
catboost_cfg_sweep,audio_catboost_cfg1,4,aud,"(5.0,10.0]",0.5736961451247166,0.2857142857142857,0.43524663809713204,7,63,0.1
catboost_cfg_sweep,audio_catboost_cfg1,4,aud,"[0.0,5.0]",0.6081349206349206,0.375,0.43524663809713204,16,63,0.1
catboost_cfg_sweep,audio_catboost_cfg1,5,aud,"(10.0,15.0]",0.44000000000000006,0.0,0.899321029093617,2,75,0.1
catboost_cfg_sweep,audio_catboost_cfg1,5,aud,"(5.0,10.0]",0.6166666666666667,0.0,0.899321029093617,4,75,0.1
catboost_cfg_sweep,audio_catboost_cfg1,5,aud,"[0.0,5.0]",0.5626666666666666,0.0,0.899321029093617,10,75,0.1
catboost_cfg_sweep,audio_catboost_cfg2,1,aud,"(10.0,15.0]",0.4019370460048426,0.14285714285714285,0.3631171931547058,7,59,0.1
catboost_cfg_sweep,audio_catboost_cfg2,1,aud,"(5.0,10.0]",0.527306967984934,0.1111111111111111,0.3631171931547058,9,59,0.1
catboost_cfg_sweep,audio_catboost_cfg2,1,aud,"[0.0,5.0]",0.6207627118644067,0.3125,0.3631171931547058,16,59,0.1
catboost_cfg_sweep,audio_catboost_cfg2,2,aud,"(10.0,15.0]",0.5533333333333333,0.2,0.4081660432718333,10,60,0.1
catboost_cfg_sweep,audio_catboost_cfg2,2,aud,"(5.0,10.0]",0.5999999999999999,0.2,0.4081660432718333,5,60,0.1
catboost_cfg_sweep,audio_catboost_cfg2,2,aud,"[0.0,5.0]",0.46562500000000007,0.0625,0.4081660432718333,16,60,0.1
catboost_cfg_sweep,audio_catboost_cfg2,3,aud,"(10.0,15.0]",0.8557213930348259,0.3333333333333333,0.4313490394328403,3,67,0.1
catboost_cfg_sweep,audio_catboost_cfg2,3,aud,"(5.0,10.0]",0.5671641791044776,0.2857142857142857,0.4313490394328403,7,67,0.1
catboost_cfg_sweep,audio_catboost_cfg2,3,aud,"[0.0,5.0]",0.5469083155650319,0.21428571428571427,0.4313490394328403,14,67,0.1
catboost_cfg_sweep,audio_catboost_cfg2,4,aud,"(10.0,15.0]",0.4031746031746032,0.0,0.39332720298423945,5,63,0.1
catboost_cfg_sweep,audio_catboost_cfg2,4,aud,"(5.0,10.0]",0.6349206349206349,0.2857142857142857,0.39332720298423945,7,63,0.1
catboost_cfg_sweep,audio_catboost_cfg2,4,aud,"[0.0,5.0]",0.6180555555555556,0.3125,0.39332720298423945,16,63,0.1
catboost_cfg_sweep,audio_catboost_cfg2,5,aud,"(10.0,15.0]",0.4533333333333333,0.0,0.8406919074472367,2,75,0.1
catboost_cfg_sweep,audio_catboost_cfg2,5,aud,"(5.0,10.0]",0.6333333333333333,0.0,0.8406919074472367,4,75,0.1
catboost_cfg_sweep,audio_catboost_cfg2,5,aud,"[0.0,5.0]",0.572,0.0,0.8406919074472367,10,75,0.1
catboost_cfg_sweep,audio_catboost_cfg3,1,aud,"(10.0,15.0]",0.3728813559322034,0.14285714285714285,0.37812142643849495,7,59,0.1
catboost_cfg_sweep,audio_catboost_cfg3,1,aud,"(5.0,10.0]",0.5065913370998116,0.1111111111111111,0.37812142643849495,9,59,0.1
catboost_cfg_sweep,audio_catboost_cfg3,1,aud,"[0.0,5.0]",0.6165254237288136,0.3125,0.37812142643849495,16,59,0.1
catboost_cfg_sweep,audio_catboost_cfg3,2,aud,"(10.0,15.0]",0.5683333333333334,0.3,0.32135404869590856,10,60,0.1
catboost_cfg_sweep,audio_catboost_cfg3,2,aud,"(5.0,10.0]",0.6833333333333333,0.4,0.32135404869590856,5,60,0.1
catboost_cfg_sweep,audio_catboost_cfg3,2,aud,"[0.0,5.0]",0.45625000000000004,0.1875,0.32135404869590856,16,60,0.1
catboost_cfg_sweep,audio_catboost_cfg3,3,aud,"(10.0,15.0]",0.7960199004975125,0.3333333333333333,0.5647557416387481,3,67,0.1
catboost_cfg_sweep,audio_catboost_cfg3,3,aud,"(5.0,10.0]",0.55863539445629,0.14285714285714285,0.5647557416387481,7,67,0.1
catboost_cfg_sweep,audio_catboost_cfg3,3,aud,"[0.0,5.0]",0.5565031982942431,0.21428571428571427,0.5647557416387481,14,67,0.1
catboost_cfg_sweep,audio_catboost_cfg3,4,aud,"(10.0,15.0]",0.4285714285714286,0.0,0.39139305319316303,5,63,0.1
catboost_cfg_sweep,audio_catboost_cfg3,4,aud,"(5.0,10.0]",0.6507936507936508,0.2857142857142857,0.39139305319316303,7,63,0.1
catboost_cfg_sweep,audio_catboost_cfg3,4,aud,"[0.0,5.0]",0.6220238095238095,0.3125,0.39139305319316303,16,63,0.1
catboost_cfg_sweep,audio_catboost_cfg3,5,aud,"(10.0,15.0]",0.5,0.0,0.8063271374639229,2,75,0.1
catboost_cfg_sweep,audio_catboost_cfg3,5,aud,"(5.0,10.0]",0.6266666666666667,0.0,0.8063271374639229,4,75,0.1
catboost_cfg_sweep,audio_catboost_cfg3,5,aud,"[0.0,5.0]",0.56,0.0,0.8063271374639229,10,75,0.1
catboost_cfg_sweep,early_fusion_catboost_cfg1,1,fus,"(10.0,15.0]",0.4745762711864407,0.14285714285714285,0.7190157775945615,7,59,0.1
catboost_cfg_sweep,early_fusion_catboost_cfg1,1,fus,"(5.0,10.0]",0.583804143126177,0.0,0.7190157775945615,9,59,0.1
catboost_cfg_sweep,early_fusion_catboost_cfg1,1,fus,"[0.0,5.0]",0.6175847457627118,0.25,0.7190157775945615,16,59,0.1
catboost_cfg_sweep,early_fusion_catboost_cfg1,2,fus,"(10.0,15.0]",0.5933333333333333,0.3,0.3221016633925284,10,60,0.1
catboost_cfg_sweep,early_fusion_catboost_cfg1,2,fus,"(5.0,10.0]",0.5633333333333334,0.2,0.3221016633925284,5,60,0.1
catboost_cfg_sweep,early_fusion_catboost_cfg1,2,fus,"[0.0,5.0]",0.5427083333333332,0.25,0.3221016633925284,16,60,0.1
catboost_cfg_sweep,early_fusion_catboost_cfg1,3,fus,"(10.0,15.0]",0.8407960199004976,0.0,0.6813846608401787,3,67,0.1
catboost_cfg_sweep,early_fusion_catboost_cfg1,3,fus,"(5.0,10.0]",0.5863539445628998,0.2857142857142857,0.6813846608401787,7,67,0.1
catboost_cfg_sweep,early_fusion_catboost_cfg1,3,fus,"[0.0,5.0]",0.5927505330490405,0.2857142857142857,0.6813846608401787,14,67,0.1
catboost_cfg_sweep,early_fusion_catboost_cfg1,4,fus,"(10.0,15.0]",0.35238095238095246,0.0,0.41048078963668283,5,63,0.1
catboost_cfg_sweep,early_fusion_catboost_cfg1,4,fus,"(5.0,10.0]",0.6485260770975056,0.14285714285714285,0.41048078963668283,7,63,0.1
catboost_cfg_sweep,early_fusion_catboost_cfg1,4,fus,"[0.0,5.0]",0.695436507936508,0.4375,0.41048078963668283,16,63,0.1
catboost_cfg_sweep,early_fusion_catboost_cfg1,5,fus,"(10.0,15.0]",0.43999999999999995,0.0,0.8377361017956527,2,75,0.1
catboost_cfg_sweep,early_fusion_catboost_cfg1,5,fus,"(5.0,10.0]",0.5666666666666667,0.0,0.8377361017956527,4,75,0.1
catboost_cfg_sweep,early_fusion_catboost_cfg1,5,fus,"[0.0,5.0]",0.6013333333333333,0.1,0.8377361017956527,10,75,0.1
catboost_cfg_sweep,early_fusion_catboost_cfg2,1,fus,"(10.0,15.0]",0.38983050847457623,0.14285714285714285,0.5961357160701377,7,59,0.1
catboost_cfg_sweep,early_fusion_catboost_cfg2,1,fus,"(5.0,10.0]",0.5781544256120528,0.1111111111111111,0.5961357160701377,9,59,0.1
catboost_cfg_sweep,early_fusion_catboost_cfg2,1,fus,"[0.0,5.0]",0.565677966101695,0.1875,0.5961357160701377,16,59,0.1
catboost_cfg_sweep,early_fusion_catboost_cfg2,2,fus,"(10.0,15.0]",0.6316666666666667,0.3,0.4004033102996154,10,60,0.1
catboost_cfg_sweep,early_fusion_catboost_cfg2,2,fus,"(5.0,10.0]",0.5833333333333333,0.2,0.4004033102996154,5,60,0.1
catboost_cfg_sweep,early_fusion_catboost_cfg2,2,fus,"[0.0,5.0]",0.5520833333333334,0.1875,0.4004033102996154,16,60,0.1
catboost_cfg_sweep,early_fusion_catboost_cfg2,3,fus,"(10.0,15.0]",0.8308457711442786,0.0,0.5680474593005518,3,67,0.1
catboost_cfg_sweep,early_fusion_catboost_cfg2,3,fus,"(5.0,10.0]",0.5863539445628998,0.2857142857142857,0.5680474593005518,7,67,0.1
catboost_cfg_sweep,early_fusion_catboost_cfg2,3,fus,"[0.0,5.0]",0.6769722814498934,0.2857142857142857,0.5680474593005518,14,67,0.1
catboost_cfg_sweep,early_fusion_catboost_cfg2,4,fus,"(10.0,15.0]",0.43492063492063493,0.0,0.4341499556843602,5,63,0.1
catboost_cfg_sweep,early_fusion_catboost_cfg2,4,fus,"(5.0,10.0]",0.6598639455782312,0.14285714285714285,0.4341499556843602,7,63,0.1
catboost_cfg_sweep,early_fusion_catboost_cfg2,4,fus,"[0.0,5.0]",0.6825396825396826,0.375,0.4341499556843602,16,63,0.1
catboost_cfg_sweep,early_fusion_catboost_cfg2,5,fus,"(10.0,15.0]",0.54,0.0,0.729924035462224,2,75,0.1
catboost_cfg_sweep,early_fusion_catboost_cfg2,5,fus,"(5.0,10.0]",0.6466666666666667,0.0,0.729924035462224,4,75,0.1
catboost_cfg_sweep,early_fusion_catboost_cfg2,5,fus,"[0.0,5.0]",0.6266666666666667,0.2,0.729924035462224,10,75,0.1
catboost_cfg_sweep,early_fusion_catboost_cfg3,1,fus,"(10.0,15.0]",0.41888619854721554,0.14285714285714285,0.6216638120345117,7,59,0.1
catboost_cfg_sweep,early_fusion_catboost_cfg3,1,fus,"(5.0,10.0]",0.5800376647834276,0.1111111111111111,0.6216638120345117,9,59,0.1
catboost_cfg_sweep,early_fusion_catboost_cfg3,1,fus,"[0.0,5.0]",0.5476694915254239,0.1875,0.6216638120345117,16,59,0.1
catboost_cfg_sweep,early_fusion_catboost_cfg3,2,fus,"(10.0,15.0]",0.615,0.3,0.37209424066392227,10,60,0.1
catboost_cfg_sweep,early_fusion_catboost_cfg3,2,fus,"(5.0,10.0]",0.62,0.2,0.37209424066392227,5,60,0.1
catboost_cfg_sweep,early_fusion_catboost_cfg3,2,fus,"[0.0,5.0]",0.5583333333333333,0.1875,0.37209424066392227,16,60,0.1
catboost_cfg_sweep,early_fusion_catboost_cfg3,3,fus,"(10.0,15.0]",0.7661691542288556,0.0,0.5611539319349529,3,67,0.1
catboost_cfg_sweep,early_fusion_catboost_cfg3,3,fus,"(5.0,10.0]",0.5650319829424306,0.14285714285714285,0.5611539319349529,7,67,0.1
catboost_cfg_sweep,early_fusion_catboost_cfg3,3,fus,"[0.0,5.0]",0.6588486140724946,0.2857142857142857,0.5611539319349529,14,67,0.1
catboost_cfg_sweep,early_fusion_catboost_cfg3,4,fus,"(10.0,15.0]",0.44761904761904764,0.0,0.3438138343243666,5,63,0.1
catboost_cfg_sweep,early_fusion_catboost_cfg3,4,fus,"(5.0,10.0]",0.6666666666666666,0.14285714285714285,0.3438138343243666,7,63,0.1
catboost_cfg_sweep,early_fusion_catboost_cfg3,4,fus,"[0.0,5.0]",0.6904761904761905,0.5,0.3438138343243666,16,63,0.1
catboost_cfg_sweep,early_fusion_catboost_cfg3,5,fus,"(10.0,15.0]",0.4933333333333333,0.0,0.6705627212777142,2,75,0.1
catboost_cfg_sweep,early_fusion_catboost_cfg3,5,fus,"(5.0,10.0]",0.6266666666666667,0.0,0.6705627212777142,4,75,0.1
catboost_cfg_sweep,early_fusion_catboost_cfg3,5,fus,"[0.0,5.0]",0.608,0.1,0.6705627212777142,10,75,0.1
catboost_cfg_sweep,text_catboost_cfg1,1,txt,"(10.0,15.0]",0.3825665859564164,0.14285714285714285,0.9381818153770791,7,59,0.1
catboost_cfg_sweep,text_catboost_cfg1,1,txt,"(5.0,10.0]",0.5612052730696798,0.1111111111111111,0.9381818153770791,9,59,0.1
catboost_cfg_sweep,text_catboost_cfg1,1,txt,"[0.0,5.0]",0.5264830508474576,0.0625,0.9381818153770791,16,59,0.1
catboost_cfg_sweep,text_catboost_cfg1,2,txt,"(10.0,15.0]",0.445,0.0,0.822769917387983,10,60,0.1
catboost_cfg_sweep,text_catboost_cfg1,2,txt,"(5.0,10.0]",0.6033333333333333,0.0,0.822769917387983,5,60,0.1
catboost_cfg_sweep,text_catboost_cfg1,2,txt,"[0.0,5.0]",0.53125,0.0,0.822769917387983,16,60,0.1
catboost_cfg_sweep,text_catboost_cfg1,3,txt,"(10.0,15.0]",0.48756218905472637,0.0,0.7928061723944029,3,67,0.1
catboost_cfg_sweep,text_catboost_cfg1,3,txt,"(5.0,10.0]",0.6993603411513859,0.14285714285714285,0.7928061723944029,7,67,0.1
catboost_cfg_sweep,text_catboost_cfg1,3,txt,"[0.0,5.0]",0.6791044776119404,0.35714285714285715,0.7928061723944029,14,67,0.1
catboost_cfg_sweep,text_catboost_cfg1,4,txt,"(10.0,15.0]",0.5301587301587302,0.2,0.7508167893492275,5,63,0.1
catboost_cfg_sweep,text_catboost_cfg1,4,txt,"(5.0,10.0]",0.6303854875283447,0.0,0.7508167893492275,7,63,0.1
catboost_cfg_sweep,text_catboost_cfg1,4,txt,"[0.0,5.0]",0.5912698412698413,0.1875,0.7508167893492275,16,63,0.1
catboost_cfg_sweep,text_catboost_cfg1,5,txt,"(10.0,15.0]",0.3,0.0,0.702587879686984,2,75,0.1
catboost_cfg_sweep,text_catboost_cfg1,5,txt,"(5.0,10.0]",0.67,0.25,0.702587879686984,4,75,0.1
catboost_cfg_sweep,text_catboost_cfg1,5,txt,"[0.0,5.0]",0.636,0.3,0.702587879686984,10,75,0.1
catboost_cfg_sweep,text_catboost_cfg2,1,txt,"(10.0,15.0]",0.397094430992736,0.0,0.9037469066013106,7,59,0.1
catboost_cfg_sweep,text_catboost_cfg2,1,txt,"(5.0,10.0]",0.5687382297551788,0.1111111111111111,0.9037469066013106,9,59,0.1
catboost_cfg_sweep,text_catboost_cfg2,1,txt,"[0.0,5.0]",0.5116525423728814,0.0625,0.9037469066013106,16,59,0.1
catboost_cfg_sweep,text_catboost_cfg2,2,txt,"(10.0,15.0]",0.46166666666666667,0.0,0.73768802823375,10,60,0.1
catboost_cfg_sweep,text_catboost_cfg2,2,txt,"(5.0,10.0]",0.5700000000000001,0.0,0.73768802823375,5,60,0.1
catboost_cfg_sweep,text_catboost_cfg2,2,txt,"[0.0,5.0]",0.5145833333333333,0.0625,0.73768802823375,16,60,0.1
catboost_cfg_sweep,text_catboost_cfg2,3,txt,"(10.0,15.0]",0.5174129353233831,0.3333333333333333,0.7345778690525523,3,67,0.1
catboost_cfg_sweep,text_catboost_cfg2,3,txt,"(5.0,10.0]",0.6588486140724946,0.2857142857142857,0.7345778690525523,7,67,0.1
catboost_cfg_sweep,text_catboost_cfg2,3,txt,"[0.0,5.0]",0.7068230277185501,0.2857142857142857,0.7345778690525523,14,67,0.1
catboost_cfg_sweep,text_catboost_cfg2,4,txt,"(10.0,15.0]",0.5015873015873016,0.0,0.7427302427425881,5,63,0.1
catboost_cfg_sweep,text_catboost_cfg2,4,txt,"(5.0,10.0]",0.6984126984126984,0.14285714285714285,0.7427302427425881,7,63,0.1
catboost_cfg_sweep,text_catboost_cfg2,4,txt,"[0.0,5.0]",0.5694444444444444,0.0625,0.7427302427425881,16,63,0.1
catboost_cfg_sweep,text_catboost_cfg2,5,txt,"(10.0,15.0]",0.24666666666666665,0.0,0.6272593440232022,2,75,0.1
catboost_cfg_sweep,text_catboost_cfg2,5,txt,"(5.0,10.0]",0.7233333333333334,0.25,0.6272593440232022,4,75,0.1
catboost_cfg_sweep,text_catboost_cfg2,5,txt,"[0.0,5.0]",0.6293333333333333,0.3,0.6272593440232022,10,75,0.1
catboost_cfg_sweep,text_catboost_cfg3,1,txt,"(10.0,15.0]",0.3753026634382566,0.14285714285714285,0.8402866378037505,7,59,0.1
catboost_cfg_sweep,text_catboost_cfg3,1,txt,"(5.0,10.0]",0.576271186440678,0.1111111111111111,0.8402866378037505,9,59,0.1
catboost_cfg_sweep,text_catboost_cfg3,1,txt,"[0.0,5.0]",0.486228813559322,0.0625,0.8402866378037505,16,59,0.1
catboost_cfg_sweep,text_catboost_cfg3,2,txt,"(10.0,15.0]",0.4683333333333333,0.1,0.6492684606162431,10,60,0.1
catboost_cfg_sweep,text_catboost_cfg3,2,txt,"(5.0,10.0]",0.5333333333333333,0.0,0.6492684606162431,5,60,0.1
catboost_cfg_sweep,text_catboost_cfg3,2,txt,"[0.0,5.0]",0.546875,0.125,0.6492684606162431,16,60,0.1
catboost_cfg_sweep,text_catboost_cfg3,3,txt,"(10.0,15.0]",0.45273631840796014,0.0,0.7730935160158181,3,67,0.1
catboost_cfg_sweep,text_catboost_cfg3,3,txt,"(5.0,10.0]",0.6311300639658848,0.2857142857142857,0.7730935160158181,7,67,0.1
catboost_cfg_sweep,text_catboost_cfg3,3,txt,"[0.0,5.0]",0.7110874200426439,0.2857142857142857,0.7730935160158181,14,67,0.1
catboost_cfg_sweep,text_catboost_cfg3,4,txt,"(10.0,15.0]",0.5111111111111111,0.0,0.6814867848840411,5,63,0.1
catboost_cfg_sweep,text_catboost_cfg3,4,txt,"(5.0,10.0]",0.673469387755102,0.14285714285714285,0.6814867848840411,7,63,0.1
catboost_cfg_sweep,text_catboost_cfg3,4,txt,"[0.0,5.0]",0.5932539682539683,0.0625,0.6814867848840411,16,63,0.1
catboost_cfg_sweep,text_catboost_cfg3,5,txt,"(10.0,15.0]",0.2533333333333333,0.0,0.6430102682758508,2,75,0.1
catboost_cfg_sweep,text_catboost_cfg3,5,txt,"(5.0,10.0]",0.7266666666666667,0.25,0.6430102682758508,4,75,0.1
catboost_cfg_sweep,text_catboost_cfg3,5,txt,"[0.0,5.0]",0.5786666666666667,0.2,0.6430102682758508,10,75,0.1
catboost_quick,audio_catboost,1,aud,"(10.0,15.0]",0.4067796610169492,0.14285714285714285,0.2214923471619404,7,59,0.1
catboost_quick,audio_catboost,1,aud,"(5.0,10.0]",0.4783427495291902,0.1111111111111111,0.2214923471619404,9,59,0.1
catboost_quick,audio_catboost,1,aud,"[0.0,5.0]",0.6186440677966101,0.3125,0.2214923471619404,16,59,0.1
catboost_quick,audio_catboost,2,aud,"(10.0,15.0]",0.6216666666666667,0.2,0.25240723692485845,10,60,0.1
catboost_quick,audio_catboost,2,aud,"(5.0,10.0]",0.5766666666666667,0.2,0.25240723692485845,5,60,0.1
catboost_quick,audio_catboost,2,aud,"[0.0,5.0]",0.48541666666666666,0.125,0.25240723692485845,16,60,0.1
catboost_quick,audio_catboost,3,aud,"(10.0,15.0]",0.7462686567164178,0.3333333333333333,0.3703065650452871,3,67,0.1
catboost_quick,audio_catboost,3,aud,"(5.0,10.0]",0.4925373134328358,0.2857142857142857,0.3703065650452871,7,67,0.1
catboost_quick,audio_catboost,3,aud,"[0.0,5.0]",0.5778251599147122,0.2857142857142857,0.3703065650452871,14,67,0.1
catboost_quick,audio_catboost,4,aud,"(10.0,15.0]",0.4444444444444445,0.0,0.2357232816253775,5,63,0.1
catboost_quick,audio_catboost,4,aud,"(5.0,10.0]",0.6507936507936507,0.2857142857142857,0.2357232816253775,7,63,0.1
catboost_quick,audio_catboost,4,aud,"[0.0,5.0]",0.6329365079365079,0.375,0.2357232816253775,16,63,0.1
catboost_quick,audio_catboost,5,aud,"(10.0,15.0]",0.54,0.0,0.7606009665626233,2,75,0.1
catboost_quick,audio_catboost,5,aud,"(5.0,10.0]",0.5766666666666667,0.0,0.7606009665626233,4,75,0.1
catboost_quick,audio_catboost,5,aud,"[0.0,5.0]",0.6053333333333333,0.1,0.7606009665626233,10,75,0.1
catboost_quick,early_fusion_catboost,1,fus,"(10.0,15.0]",0.46731234866828086,0.14285714285714285,0.4108945241695792,7,59,0.1
catboost_quick,early_fusion_catboost,1,fus,"(5.0,10.0]",0.5555555555555556,0.1111111111111111,0.4108945241695792,9,59,0.1
catboost_quick,early_fusion_catboost,1,fus,"[0.0,5.0]",0.6059322033898306,0.25,0.4108945241695792,16,59,0.1
catboost_quick,early_fusion_catboost,2,fus,"(10.0,15.0]",0.6533333333333332,0.3,0.25354849114130495,10,60,0.1
catboost_quick,early_fusion_catboost,2,fus,"(5.0,10.0]",0.5266666666666666,0.2,0.25354849114130495,5,60,0.1
catboost_quick,early_fusion_catboost,2,fus,"[0.0,5.0]",0.5208333333333334,0.125,0.25354849114130495,16,60,0.1
catboost_quick,early_fusion_catboost,3,fus,"(10.0,15.0]",0.7611940298507464,0.3333333333333333,0.5514344717839799,3,67,0.1
catboost_quick,early_fusion_catboost,3,fus,"(5.0,10.0]",0.5628997867803838,0.2857142857142857,0.5514344717839799,7,67,0.1
catboost_quick,early_fusion_catboost,3,fus,"[0.0,5.0]",0.673773987206823,0.21428571428571427,0.5514344717839799,14,67,0.1
catboost_quick,early_fusion_catboost,4,fus,"(10.0,15.0]",0.3777777777777778,0.0,0.3368956050508621,5,63,0.1
catboost_quick,early_fusion_catboost,4,fus,"(5.0,10.0]",0.7165532879818595,0.2857142857142857,0.3368956050508621,7,63,0.1
catboost_quick,early_fusion_catboost,4,fus,"[0.0,5.0]",0.7172619047619048,0.3125,0.3368956050508621,16,63,0.1
catboost_quick,early_fusion_catboost,5,fus,"(10.0,15.0]",0.5533333333333333,0.0,0.6745683362387517,2,75,0.1
catboost_quick,early_fusion_catboost,5,fus,"(5.0,10.0]",0.5766666666666667,0.0,0.6745683362387517,4,75,0.1
catboost_quick,early_fusion_catboost,5,fus,"[0.0,5.0]",0.6333333333333333,0.2,0.6745683362387517,10,75,0.1
catboost_quick,late_fusion_blender_catboost,1,txt,"(10.0,15.0]",0.3704600484261501,0.14285714285714285,0.8382762072649772,7,59,0.1
catboost_quick,late_fusion_blender_catboost,1,txt,"(5.0,10.0]",0.5499058380414312,0.0,0.8382762072649772,9,59,0.1
catboost_quick,late_fusion_blender_catboost,1,txt,"[0.0,5.0]",0.49894067796610164,0.125,0.8382762072649772,16,59,0.1
catboost_quick,late_fusion_blender_catboost,1,aud,"(10.0,15.0]",0.4067796610169492,0.14285714285714285,0.2214923471619404,7,59,0.1
catboost_quick,late_fusion_blender_catboost,1,aud,"(5.0,10.0]",0.4783427495291902,0.1111111111111111,0.2214923471619404,9,59,0.1
catboost_quick,late_fusion_blender_catboost,1,aud,"[0.0,5.0]",0.6186440677966101,0.3125,0.2214923471619404,16,59,0.1
catboost_quick,late_fusion_blender_catboost,1,fus,"(10.0,15.0]",0.3329297820823244,0.14285714285714285,0.6838564827204779,7,59,0.1
catboost_quick,late_fusion_blender_catboost,1,fus,"(5.0,10.0]",0.6440677966101694,0.1111111111111111,0.6838564827204779,9,59,0.1
catboost_quick,late_fusion_blender_catboost,1,fus,"[0.0,5.0]",0.5238347457627119,0.1875,0.6838564827204779,16,59,0.1
catboost_quick,late_fusion_blender_catboost,2,txt,"(10.0,15.0]",0.4483333333333333,0.1,0.4421785034656825,10,60,0.1
catboost_quick,late_fusion_blender_catboost,2,txt,"(5.0,10.0]",0.6966666666666668,0.2,0.4421785034656825,5,60,0.1
catboost_quick,late_fusion_blender_catboost,2,txt,"[0.0,5.0]",0.5229166666666667,0.0625,0.4421785034656825,16,60,0.1
catboost_quick,late_fusion_blender_catboost,2,aud,"(10.0,15.0]",0.6216666666666667,0.2,0.25240723692485845,10,60,0.1
catboost_quick,late_fusion_blender_catboost,2,aud,"(5.0,10.0]",0.5766666666666667,0.2,0.25240723692485845,5,60,0.1
catboost_quick,late_fusion_blender_catboost,2,aud,"[0.0,5.0]",0.48541666666666666,0.125,0.25240723692485845,16,60,0.1
catboost_quick,late_fusion_blender_catboost,2,fus,"(10.0,15.0]",0.6475,0.3,0.11081913115514598,10,60,0.1
catboost_quick,late_fusion_blender_catboost,2,fus,"(5.0,10.0]",0.7316666666666668,0.4,0.11081913115514598,5,60,0.1
catboost_quick,late_fusion_blender_catboost,2,fus,"[0.0,5.0]",0.5234375,0.0625,0.11081913115514598,16,60,0.1
catboost_quick,late_fusion_blender_catboost,3,txt,"(10.0,15.0]",0.4825870646766169,0.0,0.6756481457575507,3,67,0.1
catboost_quick,late_fusion_blender_catboost,3,txt,"(5.0,10.0]",0.6012793176972281,0.0,0.6756481457575507,7,67,0.1
catboost_quick,late_fusion_blender_catboost,3,txt,"[0.0,5.0]",0.6727078891257995,0.14285714285714285,0.6756481457575507,14,67,0.1
catboost_quick,late_fusion_blender_catboost,3,aud,"(10.0,15.0]",0.7462686567164178,0.3333333333333333,0.3703065650452871,3,67,0.1
catboost_quick,late_fusion_blender_catboost,3,aud,"(5.0,10.0]",0.4925373134328358,0.2857142857142857,0.3703065650452871,7,67,0.1
catboost_quick,late_fusion_blender_catboost,3,aud,"[0.0,5.0]",0.5778251599147122,0.2857142857142857,0.3703065650452871,14,67,0.1
catboost_quick,late_fusion_blender_catboost,3,fus,"(10.0,15.0]",0.4850746268656716,0.6666666666666666,0.6857454234659872,3,67,0.1
catboost_quick,late_fusion_blender_catboost,3,fus,"(5.0,10.0]",0.5970149253731343,0.8571428571428571,0.6857454234659872,7,67,0.1
catboost_quick,late_fusion_blender_catboost,3,fus,"[0.0,5.0]",0.6487206823027718,0.8571428571428571,0.6857454234659872,14,67,0.1
catboost_quick,late_fusion_blender_catboost,4,txt,"(10.0,15.0]",0.4380952380952381,0.0,0.6253506248471364,5,63,0.1
catboost_quick,late_fusion_blender_catboost,4,txt,"(5.0,10.0]",0.6825396825396826,0.14285714285714285,0.6253506248471364,7,63,0.1
catboost_quick,late_fusion_blender_catboost,4,txt,"[0.0,5.0]",0.5654761904761905,0.125,0.6253506248471364,16,63,0.1
catboost_quick,late_fusion_blender_catboost,4,aud,"(10.0,15.0]",0.4444444444444445,0.0,0.2357232816253775,5,63,0.1
catboost_quick,late_fusion_blender_catboost,4,aud,"(5.0,10.0]",0.6507936507936507,0.2857142857142857,0.2357232816253775,7,63,0.1
catboost_quick,late_fusion_blender_catboost,4,aud,"[0.0,5.0]",0.6329365079365079,0.375,0.2357232816253775,16,63,0.1
catboost_quick,late_fusion_blender_catboost,4,fus,"(10.0,15.0]",0.5142857142857142,0.2,0.17698030281940935,5,63,0.1
catboost_quick,late_fusion_blender_catboost,4,fus,"(5.0,10.0]",0.6122448979591837,0.14285714285714285,0.17698030281940935,7,63,0.1
catboost_quick,late_fusion_blender_catboost,4,fus,"[0.0,5.0]",0.6031746031746033,0.25,0.17698030281940935,16,63,0.1
catboost_quick,late_fusion_blender_catboost,5,txt,"(10.0,15.0]",0.21333333333333332,0.0,0.5370496826597789,2,75,0.1
catboost_quick,late_fusion_blender_catboost,5,txt,"(5.0,10.0]",0.6466666666666666,0.25,0.5370496826597789,4,75,0.1
catboost_quick,late_fusion_blender_catboost,5,txt,"[0.0,5.0]",0.6586666666666667,0.3,0.5370496826597789,10,75,0.1
catboost_quick,late_fusion_blender_catboost,5,aud,"(10.0,15.0]",0.54,0.0,0.7606009665626233,2,75,0.1
catboost_quick,late_fusion_blender_catboost,5,aud,"(5.0,10.0]",0.5766666666666667,0.0,0.7606009665626233,4,75,0.1
catboost_quick,late_fusion_blender_catboost,5,aud,"[0.0,5.0]",0.6053333333333333,0.1,0.7606009665626233,10,75,0.1
catboost_quick,late_fusion_blender_catboost,5,fus,"(10.0,15.0]",0.39666666666666667,0.0,0.6402936000181416,2,75,0.1
catboost_quick,late_fusion_blender_catboost,5,fus,"(5.0,10.0]",0.6699999999999999,0.0,0.6402936000181416,4,75,0.1
catboost_quick,late_fusion_blender_catboost,5,fus,"[0.0,5.0]",0.7006666666666667,0.2,0.6402936000181416,10,75,0.1
catboost_quick,text_catboost,1,txt,"(10.0,15.0]",0.3704600484261501,0.14285714285714285,0.8382762072649772,7,59,0.1
catboost_quick,text_catboost,1,txt,"(5.0,10.0]",0.5499058380414312,0.0,0.8382762072649772,9,59,0.1
catboost_quick,text_catboost,1,txt,"[0.0,5.0]",0.49894067796610164,0.125,0.8382762072649772,16,59,0.1
catboost_quick,text_catboost,2,txt,"(10.0,15.0]",0.4483333333333333,0.1,0.4421785034656825,10,60,0.1
catboost_quick,text_catboost,2,txt,"(5.0,10.0]",0.6966666666666668,0.2,0.4421785034656825,5,60,0.1
catboost_quick,text_catboost,2,txt,"[0.0,5.0]",0.5229166666666667,0.0625,0.4421785034656825,16,60,0.1
catboost_quick,text_catboost,3,txt,"(10.0,15.0]",0.4825870646766169,0.0,0.6756481457575507,3,67,0.1
catboost_quick,text_catboost,3,txt,"(5.0,10.0]",0.6012793176972281,0.0,0.6756481457575507,7,67,0.1
catboost_quick,text_catboost,3,txt,"[0.0,5.0]",0.6727078891257995,0.14285714285714285,0.6756481457575507,14,67,0.1
catboost_quick,text_catboost,4,txt,"(10.0,15.0]",0.4380952380952381,0.0,0.6253506248471364,5,63,0.1
catboost_quick,text_catboost,4,txt,"(5.0,10.0]",0.6825396825396826,0.14285714285714285,0.6253506248471364,7,63,0.1
catboost_quick,text_catboost,4,txt,"[0.0,5.0]",0.5654761904761905,0.125,0.6253506248471364,16,63,0.1
catboost_quick,text_catboost,5,txt,"(10.0,15.0]",0.21333333333333332,0.0,0.5370496826597789,2,75,0.1
catboost_quick,text_catboost,5,txt,"(5.0,10.0]",0.6466666666666666,0.25,0.5370496826597789,4,75,0.1
catboost_quick,text_catboost,5,txt,"[0.0,5.0]",0.6586666666666667,0.3,0.5370496826597789,10,75,0.1
catboost_smoke,audio_catboost,1,aud,"(10.0,15.0]",0.6469604015616286,0.45454545454545453,0.347898623691388,11,163,0.1
catboost_smoke,audio_catboost,1,aud,"(5.0,10.0]",0.5281650864472951,0.18181818181818182,0.347898623691388,11,163,0.1
catboost_smoke,audio_catboost,1,aud,"[0.0,5.0]",0.5823940647738622,0.18604651162790697,0.347898623691388,43,163,0.1
catboost_smoke,audio_catboost,2,aud,"(10.0,15.0]",0.6020962732919255,0.125,0.2396375440508821,16,161,0.1
catboost_smoke,audio_catboost,2,aud,"(5.0,10.0]",0.5915409642117717,0.09523809523809523,0.2396375440508821,21,161,0.1
catboost_smoke,audio_catboost,2,aud,"[0.0,5.0]",0.6125508674234311,0.2413793103448276,0.2396375440508821,29,161,0.1
catboost_smoke,early_fusion_catboost,1,fus,"(10.0,15.0]",0.6977133296151701,0.5454545454545454,0.3184878022922288,11,163,0.1
catboost_smoke,early_fusion_catboost,1,fus,"(5.0,10.0]",0.5460122699386503,0.09090909090909091,0.3184878022922288,11,163,0.1
catboost_smoke,early_fusion_catboost,1,fus,"[0.0,5.0]",0.6020830360964474,0.16279069767441862,0.3184878022922288,43,163,0.1
catboost_smoke,early_fusion_catboost,2,fus,"(10.0,15.0]",0.531055900621118,0.1875,0.2990896854179452,16,161,0.1
catboost_smoke,early_fusion_catboost,2,fus,"(5.0,10.0]",0.5942028985507246,0.19047619047619047,0.2990896854179452,21,161,0.1
catboost_smoke,early_fusion_catboost,2,fus,"[0.0,5.0]",0.6635253801670593,0.3103448275862069,0.2990896854179452,29,161,0.1
catboost_smoke,late_fusion_blender_catboost,1,txt,"(10.0,15.0]",0.5488008923591746,0.36363636363636365,0.6243516344426694,11,163,0.1
catboost_smoke,late_fusion_blender_catboost,1,txt,"(5.0,10.0]",0.5538204127161183,0.18181818181818182,0.6243516344426694,11,163,0.1
catboost_smoke,late_fusion_blender_catboost,1,txt,"[0.0,5.0]",0.57768583250107,0.16279069767441862,0.6243516344426694,43,163,0.1
catboost_smoke,late_fusion_blender_catboost,1,aud,"(10.0,15.0]",0.6469604015616286,0.45454545454545453,0.347898623691388,11,163,0.1
catboost_smoke,late_fusion_blender_catboost,1,aud,"(5.0,10.0]",0.5281650864472951,0.18181818181818182,0.347898623691388,11,163,0.1
catboost_smoke,late_fusion_blender_catboost,1,aud,"[0.0,5.0]",0.5823940647738622,0.18604651162790697,0.347898623691388,43,163,0.1
catboost_smoke,late_fusion_blender_catboost,1,fus,"(10.0,15.0]",0.7041271611823761,0.5454545454545454,0.4327049136049085,11,163,0.1
catboost_smoke,late_fusion_blender_catboost,1,fus,"(5.0,10.0]",0.4531511433351924,0.18181818181818182,0.4327049136049085,11,163,0.1
catboost_smoke,late_fusion_blender_catboost,1,fus,"[0.0,5.0]",0.6000856042231416,0.27906976744186046,0.4327049136049085,43,163,0.1
catboost_smoke,late_fusion_blender_catboost,2,txt,"(10.0,15.0]",0.4794254658385093,0.0625,0.6980105526979757,16,161,0.1
catboost_smoke,late_fusion_blender_catboost,2,txt,"(5.0,10.0]",0.5838509316770186,0.14285714285714285,0.6980105526979757,21,161,0.1
catboost_smoke,late_fusion_blender_catboost,2,txt,"[0.0,5.0]",0.5909188263011351,0.1724137931034483,0.6980105526979757,29,161,0.1
catboost_smoke,late_fusion_blender_catboost,2,aud,"(10.0,15.0]",0.6020962732919255,0.125,0.2396375440508821,16,161,0.1
catboost_smoke,late_fusion_blender_catboost,2,aud,"(5.0,10.0]",0.5915409642117717,0.09523809523809523,0.2396375440508821,21,161,0.1
catboost_smoke,late_fusion_blender_catboost,2,aud,"[0.0,5.0]",0.6125508674234311,0.2413793103448276,0.2396375440508821,29,161,0.1
catboost_smoke,late_fusion_blender_catboost,2,fus,"(10.0,15.0]",0.5527950310559007,0.1875,0.2107383484473036,16,161,0.1
catboost_smoke,late_fusion_blender_catboost,2,fus,"(5.0,10.0]",0.634427684117125,0.23809523809523808,0.2107383484473036,21,161,0.1
catboost_smoke,late_fusion_blender_catboost,2,fus,"[0.0,5.0]",0.5843863782394516,0.3103448275862069,0.2107383484473036,29,161,0.1
catboost_smoke,text_catboost,1,txt,"(10.0,15.0]",0.5488008923591746,0.36363636363636365,0.6243516344426694,11,163,0.1
catboost_smoke,text_catboost,1,txt,"(5.0,10.0]",0.5538204127161183,0.18181818181818182,0.6243516344426694,11,163,0.1
catboost_smoke,text_catboost,1,txt,"[0.0,5.0]",0.57768583250107,0.16279069767441862,0.6243516344426694,43,163,0.1
catboost_smoke,text_catboost,2,txt,"(10.0,15.0]",0.4794254658385093,0.0625,0.6980105526979757,16,161,0.1
catboost_smoke,text_catboost,2,txt,"(5.0,10.0]",0.5838509316770186,0.14285714285714285,0.6980105526979757,21,161,0.1
catboost_smoke,text_catboost,2,txt,"[0.0,5.0]",0.5909188263011351,0.1724137931034483,0.6980105526979757,29,161,0.1
drift_bge_eval,text_lr,1,txt,"(10.0,15.0]",0.44552058111380144,0.0,0.5748812575450786,7,59,0.1
drift_bge_eval,text_lr,1,txt,"(5.0,10.0]",0.6252354048964219,0.2222222222222222,0.5748812575450786,9,59,0.1
drift_bge_eval,text_lr,1,txt,"[0.0,5.0]",0.4226694915254237,0.125,0.5748812575450786,16,59,0.1
drift_bge_eval,text_lr,2,txt,"(10.0,15.0]",0.7216666666666667,0.3,0.5671371319118117,10,60,0.1
drift_bge_eval,text_lr,2,txt,"(5.0,10.0]",0.5433333333333333,0.2,0.5671371319118117,5,60,0.1
drift_bge_eval,text_lr,2,txt,"[0.0,5.0]",0.6197916666666667,0.125,0.5671371319118117,16,60,0.1
drift_bge_eval,text_lr,3,txt,"(10.0,15.0]",0.2885572139303482,0.0,0.5654057782551452,3,67,0.1
drift_bge_eval,text_lr,3,txt,"(5.0,10.0]",0.7142857142857143,0.2857142857142857,0.5654057782551452,7,67,0.1
drift_bge_eval,text_lr,3,txt,"[0.0,5.0]",0.6972281449893389,0.35714285714285715,0.5654057782551452,14,67,0.1
drift_bge_eval,text_lr,4,txt,"(10.0,15.0]",0.3746031746031746,0.2,0.5368582453031605,5,63,0.1
drift_bge_eval,text_lr,4,txt,"(5.0,10.0]",0.4897959183673469,0.14285714285714285,0.5368582453031605,7,63,0.1
drift_bge_eval,text_lr,4,txt,"[0.0,5.0]",0.6448412698412699,0.375,0.5368582453031605,16,63,0.1
drift_bge_eval,text_lr,5,txt,"(10.0,15.0]",0.64,0.0,0.6004233742286615,2,75,0.1
drift_bge_eval,text_lr,5,txt,"(5.0,10.0]",0.6799999999999999,0.25,0.6004233742286615,4,75,0.1
drift_bge_eval,text_lr,5,txt,"[0.0,5.0]",0.556,0.2,0.6004233742286615,10,75,0.1
drift_minilm_eval,text_lr,1,txt,"(10.0,15.0]",0.4213075060532687,0.0,0.5616509178919876,7,59,0.1
drift_minilm_eval,text_lr,1,txt,"(5.0,10.0]",0.6195856873822975,0.2222222222222222,0.5616509178919876,9,59,0.1
drift_minilm_eval,text_lr,1,txt,"[0.0,5.0]",0.4375,0.125,0.5616509178919876,16,59,0.1
drift_minilm_eval,text_lr,2,txt,"(10.0,15.0]",0.7166666666666666,0.4,0.5725423687482443,10,60,0.1
drift_minilm_eval,text_lr,2,txt,"(5.0,10.0]",0.5566666666666666,0.2,0.5725423687482443,5,60,0.1
drift_minilm_eval,text_lr,2,txt,"[0.0,5.0]",0.6218750000000001,0.125,0.5725423687482443,16,60,0.1
drift_minilm_eval,text_lr,3,txt,"(10.0,15.0]",0.3034825870646766,0.0,0.5629670018052816,3,67,0.1
drift_minilm_eval,text_lr,3,txt,"(5.0,10.0]",0.7164179104477613,0.2857142857142857,0.5629670018052816,7,67,0.1
drift_minilm_eval,text_lr,3,txt,"[0.0,5.0]",0.7014925373134329,0.35714285714285715,0.5629670018052816,14,67,0.1
drift_minilm_eval,text_lr,4,txt,"(10.0,15.0]",0.346031746031746,0.0,0.53582197417073,5,63,0.1
drift_minilm_eval,text_lr,4,txt,"(5.0,10.0]",0.4852607709750567,0.14285714285714285,0.53582197417073,7,63,0.1
drift_minilm_eval,text_lr,4,txt,"[0.0,5.0]",0.6398809523809524,0.375,0.53582197417073,16,63,0.1
drift_minilm_eval,text_lr,5,txt,"(10.0,15.0]",0.6199999999999999,0.0,0.6046055350433017,2,75,0.1
drift_minilm_eval,text_lr,5,txt,"(5.0,10.0]",0.6833333333333333,0.25,0.6046055350433017,4,75,0.1
drift_minilm_eval,text_lr,5,txt,"[0.0,5.0]",0.5693333333333334,0.2,0.6046055350433017,10,75,0.1
drift_mpnet_eval,text_lr,1,txt,"(10.0,15.0]",0.44552058111380144,0.0,0.5687283410940971,7,59,0.1
drift_mpnet_eval,text_lr,1,txt,"(5.0,10.0]",0.623352165725047,0.2222222222222222,0.5687283410940971,9,59,0.1
drift_mpnet_eval,text_lr,1,txt,"[0.0,5.0]",0.4300847457627119,0.125,0.5687283410940971,16,59,0.1
drift_mpnet_eval,text_lr,2,txt,"(10.0,15.0]",0.7083333333333334,0.2,0.5753029500854956,10,60,0.1
drift_mpnet_eval,text_lr,2,txt,"(5.0,10.0]",0.5599999999999999,0.2,0.5753029500854956,5,60,0.1
drift_mpnet_eval,text_lr,2,txt,"[0.0,5.0]",0.6208333333333333,0.125,0.5753029500854956,16,60,0.1
drift_mpnet_eval,text_lr,3,txt,"(10.0,15.0]",0.31343283582089554,0.0,0.5620244988892552,3,67,0.1
drift_mpnet_eval,text_lr,3,txt,"(5.0,10.0]",0.7100213219616205,0.2857142857142857,0.5620244988892552,7,67,0.1
drift_mpnet_eval,text_lr,3,txt,"[0.0,5.0]",0.6940298507462688,0.35714285714285715,0.5620244988892552,14,67,0.1
drift_mpnet_eval,text_lr,4,txt,"(10.0,15.0]",0.34920634920634924,0.2,0.5342889330950116,5,63,0.1
drift_mpnet_eval,text_lr,4,txt,"(5.0,10.0]",0.48752834467120176,0.14285714285714285,0.5342889330950116,7,63,0.1
drift_mpnet_eval,text_lr,4,txt,"[0.0,5.0]",0.6398809523809524,0.375,0.5342889330950116,16,63,0.1
drift_mpnet_eval,text_lr,5,txt,"(10.0,15.0]",0.6466666666666667,0.0,0.6011854804076404,2,75,0.1
drift_mpnet_eval,text_lr,5,txt,"(5.0,10.0]",0.6766666666666666,0.25,0.6011854804076404,4,75,0.1
drift_mpnet_eval,text_lr,5,txt,"[0.0,5.0]",0.5626666666666666,0.2,0.6011854804076404,10,75,0.1
embed_baselines,embed_catboost_cfg1,1,txt,"(10.0,15.0]",0.6440677966101694,0.0,0.5005214730092143,7,59,0.1
embed_baselines,embed_catboost_cfg1,1,txt,"(5.0,10.0]",0.6516007532956686,0.3333333333333333,0.5005214730092143,9,59,0.1
embed_baselines,embed_catboost_cfg1,1,txt,"[0.0,5.0]",0.5783898305084746,0.0,0.5005214730092143,16,59,0.1
embed_baselines,embed_catboost_cfg1,2,txt,"(10.0,15.0]",0.26166666666666666,0.1,0.5209198580991573,10,60,0.1
embed_baselines,embed_catboost_cfg1,2,txt,"(5.0,10.0]",0.47,0.0,0.5209198580991573,5,60,0.1
embed_baselines,embed_catboost_cfg1,2,txt,"[0.0,5.0]",0.5822916666666667,0.125,0.5209198580991573,16,60,0.1
embed_baselines,embed_catboost_cfg1,3,txt,"(10.0,15.0]",0.8109452736318408,0.3333333333333333,0.4318149550227771,3,67,0.1
embed_baselines,embed_catboost_cfg1,3,txt,"(5.0,10.0]",0.6950959488272921,0.42857142857142855,0.4318149550227771,7,67,0.1
embed_baselines,embed_catboost_cfg1,3,txt,"[0.0,5.0]",0.5245202558635395,0.14285714285714285,0.4318149550227771,14,67,0.1
embed_baselines,embed_catboost_cfg1,4,txt,"(10.0,15.0]",0.3460317460317461,0.0,0.24780909666735984,5,63,0.1
embed_baselines,embed_catboost_cfg1,4,txt,"(5.0,10.0]",0.5941043083900227,0.2857142857142857,0.24780909666735984,7,63,0.1
embed_baselines,embed_catboost_cfg1,4,txt,"[0.0,5.0]",0.7331349206349208,0.3125,0.24780909666735984,16,63,0.1
embed_baselines,embed_catboost_cfg1,5,txt,"(10.0,15.0]",0.6533333333333333,0.0,0.5187407285235986,2,75,0.1
embed_baselines,embed_catboost_cfg1,5,txt,"(5.0,10.0]",0.45666666666666667,0.0,0.5187407285235986,4,75,0.1
embed_baselines,embed_catboost_cfg1,5,txt,"[0.0,5.0]",0.5159999999999999,0.2,0.5187407285235986,10,75,0.1
embed_baselines,embed_lr,1,txt,"(10.0,15.0]",0.4769975786924939,0.14285714285714285,0.5913366341346152,7,59,0.1
embed_baselines,embed_lr,1,txt,"(5.0,10.0]",0.6459510357815442,0.4444444444444444,0.5913366341346152,9,59,0.1
embed_baselines,embed_lr,1,txt,"[0.0,5.0]",0.5328389830508474,0.125,0.5913366341346152,16,59,0.1
embed_baselines,embed_lr,2,txt,"(10.0,15.0]",0.37333333333333335,0.2,0.5697905906826481,10,60,0.1
embed_baselines,embed_lr,2,txt,"(5.0,10.0]",0.59,0.2,0.5697905906826481,5,60,0.1
embed_baselines,embed_lr,2,txt,"[0.0,5.0]",0.5375,0.1875,0.5697905906826481,16,60,0.1
embed_baselines,embed_lr,3,txt,"(10.0,15.0]",0.7562189054726367,0.3333333333333333,0.6024226345044734,3,67,0.1
embed_baselines,embed_lr,3,txt,"(5.0,10.0]",0.6609808102345416,0.2857142857142857,0.6024226345044734,7,67,0.1
embed_baselines,embed_lr,3,txt,"[0.0,5.0]",0.5895522388059702,0.2857142857142857,0.6024226345044734,14,67,0.1
embed_baselines,embed_lr,4,txt,"(10.0,15.0]",0.4793650793650794,0.0,0.530720454162,5,63,0.1
embed_baselines,embed_lr,4,txt,"(5.0,10.0]",0.6031746031746033,0.2857142857142857,0.530720454162,7,63,0.1
embed_baselines,embed_lr,4,txt,"[0.0,5.0]",0.7351190476190476,0.3125,0.530720454162,16,63,0.1
embed_baselines,embed_lr,5,txt,"(10.0,15.0]",0.48,0.0,0.5508892692109011,2,75,0.1
embed_baselines,embed_lr,5,txt,"(5.0,10.0]",0.27666666666666667,0.0,0.5508892692109011,4,75,0.1
embed_baselines,embed_lr,5,txt,"[0.0,5.0]",0.5933333333333334,0.3,0.5508892692109011,10,75,0.1
lm_gpt2_eval,text_lr,1,txt,"(10.0,15.0]",0.3995157384987893,0.0,0.5595468027023183,7,59,0.1
lm_gpt2_eval,text_lr,1,txt,"(5.0,10.0]",0.6177024482109227,0.2222222222222222,0.5595468027023183,9,59,0.1
lm_gpt2_eval,text_lr,1,txt,"[0.0,5.0]",0.4375,0.125,0.5595468027023183,16,59,0.1
lm_gpt2_eval,text_lr,2,txt,"(10.0,15.0]",0.7116666666666667,0.3,0.5720623630890397,10,60,0.1
lm_gpt2_eval,text_lr,2,txt,"(5.0,10.0]",0.5633333333333334,0.2,0.5720623630890397,5,60,0.1
lm_gpt2_eval,text_lr,2,txt,"[0.0,5.0]",0.6125,0.0625,0.5720623630890397,16,60,0.1
lm_gpt2_eval,text_lr,3,txt,"(10.0,15.0]",0.30845771144278605,0.0,0.5599451485035807,3,67,0.1
lm_gpt2_eval,text_lr,3,txt,"(5.0,10.0]",0.7100213219616205,0.2857142857142857,0.5599451485035807,7,67,0.1
lm_gpt2_eval,text_lr,3,txt,"[0.0,5.0]",0.6982942430703625,0.2857142857142857,0.5599451485035807,14,67,0.1
lm_gpt2_eval,text_lr,4,txt,"(10.0,15.0]",0.34285714285714286,0.0,0.5368561149900237,5,63,0.1
lm_gpt2_eval,text_lr,4,txt,"(5.0,10.0]",0.48299319727891155,0.14285714285714285,0.5368561149900237,7,63,0.1
lm_gpt2_eval,text_lr,4,txt,"[0.0,5.0]",0.6398809523809524,0.375,0.5368561149900237,16,63,0.1
lm_gpt2_eval,text_lr,5,txt,"(10.0,15.0]",0.6266666666666667,0.0,0.5995559003386738,2,75,0.1
lm_gpt2_eval,text_lr,5,txt,"(5.0,10.0]",0.6766666666666667,0.25,0.5995559003386738,4,75,0.1
lm_gpt2_eval,text_lr,5,txt,"[0.0,5.0]",0.5760000000000001,0.2,0.5995559003386738,10,75,0.1
lm_gpt2_medium_eval,text_lr,1,txt,"(10.0,15.0]",0.38983050847457623,0.0,0.5648737497560483,7,59,0.1
lm_gpt2_medium_eval,text_lr,1,txt,"(5.0,10.0]",0.6252354048964218,0.2222222222222222,0.5648737497560483,9,59,0.1
lm_gpt2_medium_eval,text_lr,1,txt,"[0.0,5.0]",0.4364406779661017,0.125,0.5648737497560483,16,59,0.1
lm_gpt2_medium_eval,text_lr,2,txt,"(10.0,15.0]",0.725,0.4,0.5718521291754027,10,60,0.1
lm_gpt2_medium_eval,text_lr,2,txt,"(5.0,10.0]",0.5599999999999999,0.2,0.5718521291754027,5,60,0.1
lm_gpt2_medium_eval,text_lr,2,txt,"[0.0,5.0]",0.6145833333333334,0.0625,0.5718521291754027,16,60,0.1
lm_gpt2_medium_eval,text_lr,3,txt,"(10.0,15.0]",0.31840796019900497,0.0,0.5618632837608334,3,67,0.1
lm_gpt2_medium_eval,text_lr,3,txt,"(5.0,10.0]",0.7036247334754797,0.2857142857142857,0.5618632837608334,7,67,0.1
lm_gpt2_medium_eval,text_lr,3,txt,"[0.0,5.0]",0.6940298507462687,0.35714285714285715,0.5618632837608334,14,67,0.1
lm_gpt2_medium_eval,text_lr,4,txt,"(10.0,15.0]",0.33650793650793653,0.0,0.5443950241330228,5,63,0.1
lm_gpt2_medium_eval,text_lr,4,txt,"(5.0,10.0]",0.49206349206349204,0.14285714285714285,0.5443950241330228,7,63,0.1
lm_gpt2_medium_eval,text_lr,4,txt,"[0.0,5.0]",0.6359126984126984,0.375,0.5443950241330228,16,63,0.1
lm_gpt2_medium_eval,text_lr,5,txt,"(10.0,15.0]",0.6266666666666667,0.0,0.5948084247896284,2,75,0.1
lm_gpt2_medium_eval,text_lr,5,txt,"(5.0,10.0]",0.6733333333333333,0.25,0.5948084247896284,4,75,0.1
lm_gpt2_medium_eval,text_lr,5,txt,"[0.0,5.0]",0.576,0.2,0.5948084247896284,10,75,0.1
lm_gpt2xl_eval,text_lr,1,txt,"(10.0,15.0]",0.3922518159806296,0.0,0.56817730564408,7,59,0.1
lm_gpt2xl_eval,text_lr,1,txt,"(5.0,10.0]",0.608286252354049,0.2222222222222222,0.56817730564408,9,59,0.1
lm_gpt2xl_eval,text_lr,1,txt,"[0.0,5.0]",0.45868644067796616,0.125,0.56817730564408,16,59,0.1
lm_gpt2xl_eval,text_lr,2,txt,"(10.0,15.0]",0.7233333333333333,0.3,0.5750029943139193,10,60,0.1
lm_gpt2xl_eval,text_lr,2,txt,"(5.0,10.0]",0.5666666666666667,0.2,0.5750029943139193,5,60,0.1
lm_gpt2xl_eval,text_lr,2,txt,"[0.0,5.0]",0.6218750000000001,0.0625,0.5750029943139193,16,60,0.1
lm_gpt2xl_eval,text_lr,3,txt,"(10.0,15.0]",0.33333333333333326,0.0,0.5624710313740412,3,67,0.1
lm_gpt2xl_eval,text_lr,3,txt,"(5.0,10.0]",0.7078891257995736,0.2857142857142857,0.5624710313740412,7,67,0.1
lm_gpt2xl_eval,text_lr,3,txt,"[0.0,5.0]",0.6897654584221748,0.21428571428571427,0.5624710313740412,14,67,0.1
lm_gpt2xl_eval,text_lr,4,txt,"(10.0,15.0]",0.30793650793650795,0.0,0.545476847710699,5,63,0.1
lm_gpt2xl_eval,text_lr,4,txt,"(5.0,10.0]",0.47845804988662133,0.14285714285714285,0.545476847710699,7,63,0.1
lm_gpt2xl_eval,text_lr,4,txt,"[0.0,5.0]",0.6339285714285715,0.375,0.545476847710699,16,63,0.1
lm_gpt2xl_eval,text_lr,5,txt,"(10.0,15.0]",0.6266666666666667,0.0,0.5926422106527037,2,75,0.1
lm_gpt2xl_eval,text_lr,5,txt,"(5.0,10.0]",0.6733333333333333,0.25,0.5926422106527037,4,75,0.1
lm_gpt2xl_eval,text_lr,5,txt,"[0.0,5.0]",0.5640000000000001,0.2,0.5926422106527037,10,75,0.1
lm_opt350m_eval,text_lr,1,txt,"(10.0,15.0]",0.4309927360774818,0.0,0.5792557694063788,7,59,0.1
lm_opt350m_eval,text_lr,1,txt,"(5.0,10.0]",0.6101694915254238,0.2222222222222222,0.5792557694063788,9,59,0.1
lm_opt350m_eval,text_lr,1,txt,"[0.0,5.0]",0.4480932203389831,0.125,0.5792557694063788,16,59,0.1
lm_opt350m_eval,text_lr,2,txt,"(10.0,15.0]",0.7283333333333334,0.2,0.5735643411756265,10,60,0.1
lm_opt350m_eval,text_lr,2,txt,"(5.0,10.0]",0.5733333333333334,0.2,0.5735643411756265,5,60,0.1
lm_opt350m_eval,text_lr,2,txt,"[0.0,5.0]",0.6260416666666667,0.0625,0.5735643411756265,16,60,0.1
lm_opt350m_eval,text_lr,3,txt,"(10.0,15.0]",0.34825870646766166,0.0,0.5637174375943037,3,67,0.1
lm_opt350m_eval,text_lr,3,txt,"(5.0,10.0]",0.7036247334754797,0.2857142857142857,0.5637174375943037,7,67,0.1
lm_opt350m_eval,text_lr,3,txt,"[0.0,5.0]",0.687633262260128,0.21428571428571427,0.5637174375943037,14,67,0.1
lm_opt350m_eval,text_lr,4,txt,"(10.0,15.0]",0.34285714285714286,0.0,0.5487831640487496,5,63,0.1
lm_opt350m_eval,text_lr,4,txt,"(5.0,10.0]",0.4739229024943311,0.14285714285714285,0.5487831640487496,7,63,0.1
lm_opt350m_eval,text_lr,4,txt,"[0.0,5.0]",0.6418650793650794,0.375,0.5487831640487496,16,63,0.1
lm_opt350m_eval,text_lr,5,txt,"(10.0,15.0]",0.6333333333333333,0.0,0.5784291000419133,2,75,0.1
lm_opt350m_eval,text_lr,5,txt,"(5.0,10.0]",0.6566666666666667,0.25,0.5784291000419133,4,75,0.1
lm_opt350m_eval,text_lr,5,txt,"[0.0,5.0]",0.5720000000000001,0.2,0.5784291000419133,10,75,0.1
model_compare_full,audio_lr,1,aud,"(10.0,15.0]",0.5447941888619855,0.14285714285714285,0.8555975731483603,7,59,0.1
model_compare_full,audio_lr,1,aud,"(5.0,10.0]",0.5348399246704332,0.0,0.8555975731483603,9,59,0.1
model_compare_full,audio_lr,1,aud,"[0.0,5.0]",0.5921610169491525,0.125,0.8555975731483603,16,59,0.1
model_compare_full,audio_lr,2,aud,"(10.0,15.0]",0.605,0.3,0.8524503620712722,10,60,0.1
model_compare_full,audio_lr,2,aud,"(5.0,10.0]",0.6133333333333333,0.4,0.8524503620712722,5,60,0.1
model_compare_full,audio_lr,2,aud,"[0.0,5.0]",0.3697916666666667,0.0625,0.8524503620712722,16,60,0.1
model_compare_full,audio_lr,3,aud,"(10.0,15.0]",0.5970149253731343,0.3333333333333333,0.7860603862940059,3,67,0.1
model_compare_full,audio_lr,3,aud,"(5.0,10.0]",0.4818763326226013,0.0,0.7860603862940059,7,67,0.1
model_compare_full,audio_lr,3,aud,"[0.0,5.0]",0.5852878464818764,0.14285714285714285,0.7860603862940059,14,67,0.1
model_compare_full,audio_lr,4,aud,"(10.0,15.0]",0.37142857142857144,0.0,0.7476734673946159,5,63,0.1
model_compare_full,audio_lr,4,aud,"(5.0,10.0]",0.5215419501133787,0.0,0.7476734673946159,7,63,0.1
model_compare_full,audio_lr,4,aud,"[0.0,5.0]",0.6567460317460317,0.25,0.7476734673946159,16,63,0.1
model_compare_full,audio_lr,5,aud,"(10.0,15.0]",0.35333333333333333,0.0,0.7614363891727532,2,75,0.1
model_compare_full,audio_lr,5,aud,"(5.0,10.0]",0.61,0.25,0.7614363891727532,4,75,0.1
model_compare_full,audio_lr,5,aud,"[0.0,5.0]",0.636,0.2,0.7614363891727532,10,75,0.1
model_compare_full,audio_mlp,1,aud,"(10.0,15.0]",0.31476997578692495,0.14285714285714285,0.523996754972963,7,59,0.1
model_compare_full,audio_mlp,1,aud,"(5.0,10.0]",0.4030131826741996,0.0,0.523996754972963,9,59,0.1
model_compare_full,audio_mlp,1,aud,"[0.0,5.0]",0.5381355932203389,0.0625,0.523996754972963,16,59,0.1
model_compare_full,audio_mlp,2,aud,"(10.0,15.0]",0.31,0.0,0.37679481337385035,10,60,0.1
model_compare_full,audio_mlp,2,aud,"(5.0,10.0]",0.5533333333333333,0.2,0.37679481337385035,5,60,0.1
model_compare_full,audio_mlp,2,aud,"[0.0,5.0]",0.446875,0.0,0.37679481337385035,16,60,0.1
model_compare_full,audio_mlp,3,aud,"(10.0,15.0]",0.6218905472636815,0.0,0.4822442030075413,3,67,0.1
model_compare_full,audio_mlp,3,aud,"(5.0,10.0]",0.5010660980810234,0.2857142857142857,0.4822442030075413,7,67,0.1
model_compare_full,audio_mlp,3,aud,"[0.0,5.0]",0.5042643923240938,0.21428571428571427,0.4822442030075413,14,67,0.1
model_compare_full,audio_mlp,4,aud,"(10.0,15.0]",0.22222222222222227,0.0,0.4061068010565016,5,63,0.1
model_compare_full,audio_mlp,4,aud,"(5.0,10.0]",0.5873015873015872,0.2857142857142857,0.4061068010565016,7,63,0.1
model_compare_full,audio_mlp,4,aud,"[0.0,5.0]",0.45833333333333337,0.0625,0.4061068010565016,16,63,0.1
model_compare_full,audio_mlp,5,aud,"(10.0,15.0]",0.86,0.5,0.38420976598336987,2,75,0.1
model_compare_full,audio_mlp,5,aud,"(5.0,10.0]",0.52,0.25,0.38420976598336987,4,75,0.1
model_compare_full,audio_mlp,5,aud,"[0.0,5.0]",0.4493333333333333,0.1,0.38420976598336987,10,75,0.1
model_compare_full,audio_svm_cal,1,aud,"(10.0,15.0]",0.4745762711864407,0.14285714285714285,0.2921221098905456,7,59,0.1
model_compare_full,audio_svm_cal,1,aud,"(5.0,10.0]",0.5178907721280602,0.3333333333333333,0.2921221098905456,9,59,0.1
model_compare_full,audio_svm_cal,1,aud,"[0.0,5.0]",0.6239406779661018,0.3125,0.2921221098905456,16,59,0.1
model_compare_full,audio_svm_cal,2,aud,"(10.0,15.0]",0.6533333333333333,0.2,0.3356898932011271,10,60,0.1
model_compare_full,audio_svm_cal,2,aud,"(5.0,10.0]",0.5366666666666666,0.0,0.3356898932011271,5,60,0.1
model_compare_full,audio_svm_cal,2,aud,"[0.0,5.0]",0.37916666666666665,0.0,0.3356898932011271,16,60,0.1
model_compare_full,audio_svm_cal,3,aud,"(10.0,15.0]",0.7064676616915422,0.3333333333333333,0.3199545703350335,3,67,0.1
model_compare_full,audio_svm_cal,3,aud,"(5.0,10.0]",0.6140724946695095,0.14285714285714285,0.3199545703350335,7,67,0.1
model_compare_full,audio_svm_cal,3,aud,"[0.0,5.0]",0.5884861407249466,0.07142857142857142,0.3199545703350335,14,67,0.1
model_compare_full,audio_svm_cal,4,aud,"(10.0,15.0]",0.33333333333333337,0.0,0.3163928441254014,5,63,0.1
model_compare_full,audio_svm_cal,4,aud,"(5.0,10.0]",0.6190476190476191,0.2857142857142857,0.3163928441254014,7,63,0.1
model_compare_full,audio_svm_cal,4,aud,"[0.0,5.0]",0.7053571428571429,0.4375,0.3163928441254014,16,63,0.1
model_compare_full,audio_svm_cal,5,aud,"(10.0,15.0]",0.2733333333333334,0.0,0.3356923101303782,2,75,0.1
model_compare_full,audio_svm_cal,5,aud,"(5.0,10.0]",0.6966666666666665,0.0,0.3356923101303782,4,75,0.1
model_compare_full,audio_svm_cal,5,aud,"[0.0,5.0]",0.6226666666666667,0.1,0.3356923101303782,10,75,0.1
model_compare_full,early_fusion_lr,1,fus,"(10.0,15.0]",0.47457627118644063,0.14285714285714285,0.4406384266595875,7,59,0.1
model_compare_full,early_fusion_lr,1,fus,"(5.0,10.0]",0.5969868173258004,0.3333333333333333,0.4406384266595875,9,59,0.1
model_compare_full,early_fusion_lr,1,fus,"[0.0,5.0]",0.5932203389830509,0.25,0.4406384266595875,16,59,0.1
model_compare_full,early_fusion_lr,2,fus,"(10.0,15.0]",0.7416666666666667,0.3,0.6904970968455855,10,60,0.1
model_compare_full,early_fusion_lr,2,fus,"(5.0,10.0]",0.6066666666666667,0.4,0.6904970968455855,5,60,0.1
model_compare_full,early_fusion_lr,2,fus,"[0.0,5.0]",0.4229166666666667,0.0,0.6904970968455855,16,60,0.1
model_compare_full,early_fusion_lr,3,fus,"(10.0,15.0]",0.6965174129353233,0.3333333333333333,0.6197431870081798,3,67,0.1
model_compare_full,early_fusion_lr,3,fus,"(5.0,10.0]",0.6993603411513859,0.2857142857142857,0.6197431870081798,7,67,0.1
model_compare_full,early_fusion_lr,3,fus,"[0.0,5.0]",0.6364605543710022,0.21428571428571427,0.6197431870081798,14,67,0.1
model_compare_full,early_fusion_lr,4,fus,"(10.0,15.0]",0.27619047619047615,0.0,0.5915453869393192,5,63,0.1
model_compare_full,early_fusion_lr,4,fus,"(5.0,10.0]",0.7052154195011338,0.14285714285714285,0.5915453869393192,7,63,0.1
model_compare_full,early_fusion_lr,4,fus,"[0.0,5.0]",0.7172619047619049,0.4375,0.5915453869393192,16,63,0.1
model_compare_full,early_fusion_lr,5,fus,"(10.0,15.0]",0.1866666666666667,0.0,0.5974102389315836,2,75,0.1
model_compare_full,early_fusion_lr,5,fus,"(5.0,10.0]",0.55,0.25,0.5974102389315836,4,75,0.1
model_compare_full,early_fusion_lr,5,fus,"[0.0,5.0]",0.6586666666666666,0.4,0.5974102389315836,10,75,0.1
model_compare_full,early_fusion_mlp,1,fus,"(10.0,15.0]",0.8595641646489104,0.5714285714285714,0.5968332215267709,7,59,0.1
model_compare_full,early_fusion_mlp,1,fus,"(5.0,10.0]",0.4293785310734463,0.0,0.5968332215267709,9,59,0.1
model_compare_full,early_fusion_mlp,1,fus,"[0.0,5.0]",0.771186440677966,0.3125,0.5968332215267709,16,59,0.1
model_compare_full,early_fusion_mlp,2,fus,"(10.0,15.0]",0.4266666666666667,0.1,0.35686454665874034,10,60,0.1
model_compare_full,early_fusion_mlp,2,fus,"(5.0,10.0]",0.4633333333333334,0.2,0.35686454665874034,5,60,0.1
model_compare_full,early_fusion_mlp,2,fus,"[0.0,5.0]",0.4302083333333333,0.125,0.35686454665874034,16,60,0.1
model_compare_full,early_fusion_mlp,3,fus,"(10.0,15.0]",0.04477611940298509,0.0,0.4337472631142192,3,67,0.1
model_compare_full,early_fusion_mlp,3,fus,"(5.0,10.0]",0.4136460554371002,0.0,0.4337472631142192,7,67,0.1
model_compare_full,early_fusion_mlp,3,fus,"[0.0,5.0]",0.4776119402985074,0.14285714285714285,0.4337472631142192,14,67,0.1
model_compare_full,early_fusion_mlp,4,fus,"(10.0,15.0]",0.44126984126984126,0.0,0.43393577726549587,5,63,0.1
model_compare_full,early_fusion_mlp,4,fus,"(5.0,10.0]",0.6961451247165532,0.2857142857142857,0.43393577726549587,7,63,0.1
model_compare_full,early_fusion_mlp,4,fus,"[0.0,5.0]",0.5882936507936509,0.1875,0.43393577726549587,16,63,0.1
model_compare_full,early_fusion_mlp,5,fus,"(10.0,15.0]",0.5266666666666666,0.0,0.42740234506632074,2,75,0.1
model_compare_full,early_fusion_mlp,5,fus,"(5.0,10.0]",0.5166666666666666,0.0,0.42740234506632074,4,75,0.1
model_compare_full,early_fusion_mlp,5,fus,"[0.0,5.0]",0.5133333333333333,0.0,0.42740234506632074,10,75,0.1
model_compare_full,early_fusion_svm_cal,1,fus,"(10.0,15.0]",0.4818401937046004,0.14285714285714285,0.3011248307468661,7,59,0.1
model_compare_full,early_fusion_svm_cal,1,fus,"(5.0,10.0]",0.5404896421845574,0.1111111111111111,0.3011248307468661,9,59,0.1
model_compare_full,early_fusion_svm_cal,1,fus,"[0.0,5.0]",0.5677966101694916,0.3125,0.3011248307468661,16,59,0.1
model_compare_full,early_fusion_svm_cal,2,fus,"(10.0,15.0]",0.69,0.2,0.3630774985645861,10,60,0.1
model_compare_full,early_fusion_svm_cal,2,fus,"(5.0,10.0]",0.5266666666666666,0.0,0.3630774985645861,5,60,0.1
model_compare_full,early_fusion_svm_cal,2,fus,"[0.0,5.0]",0.4010416666666667,0.0,0.3630774985645861,16,60,0.1
model_compare_full,early_fusion_svm_cal,3,fus,"(10.0,15.0]",0.6965174129353233,0.3333333333333333,0.3279592856950601,3,67,0.1
model_compare_full,early_fusion_svm_cal,3,fus,"(5.0,10.0]",0.6652452025586354,0.2857142857142857,0.3279592856950601,7,67,0.1
model_compare_full,early_fusion_svm_cal,3,fus,"[0.0,5.0]",0.6055437100213219,0.14285714285714285,0.3279592856950601,14,67,0.1
model_compare_full,early_fusion_svm_cal,4,fus,"(10.0,15.0]",0.28571428571428575,0.0,0.32181734731114214,5,63,0.1
model_compare_full,early_fusion_svm_cal,4,fus,"(5.0,10.0]",0.7006802721088434,0.14285714285714285,0.32181734731114214,7,63,0.1
model_compare_full,early_fusion_svm_cal,4,fus,"[0.0,5.0]",0.7162698412698413,0.4375,0.32181734731114214,16,63,0.1
model_compare_full,early_fusion_svm_cal,5,fus,"(10.0,15.0]",0.2466666666666667,0.0,0.34549485926149326,2,75,0.1
model_compare_full,early_fusion_svm_cal,5,fus,"(5.0,10.0]",0.7133333333333334,0.0,0.34549485926149326,4,75,0.1
model_compare_full,early_fusion_svm_cal,5,fus,"[0.0,5.0]",0.6586666666666666,0.1,0.34549485926149326,10,75,0.1
model_compare_full,late_fusion_lr,1,txt,"(10.0,15.0]",0.42857142857142855,0.0,0.5758684116345205,7,59,0.1
model_compare_full,late_fusion_lr,1,txt,"(5.0,10.0]",0.6120527306967984,0.2222222222222222,0.5758684116345205,9,59,0.1
model_compare_full,late_fusion_lr,1,txt,"[0.0,5.0]",0.4819915254237288,0.125,0.5758684116345205,16,59,0.1
model_compare_full,late_fusion_lr,1,aud,"(10.0,15.0]",0.5447941888619855,0.14285714285714285,0.8555975731483603,7,59,0.1
model_compare_full,late_fusion_lr,1,aud,"(5.0,10.0]",0.5348399246704332,0.0,0.8555975731483603,9,59,0.1
model_compare_full,late_fusion_lr,1,aud,"[0.0,5.0]",0.5921610169491525,0.125,0.8555975731483603,16,59,0.1
model_compare_full,late_fusion_lr,1,fus,"(10.0,15.0]",0.5423728813559322,0.14285714285714285,0.7993667976429114,7,59,0.1
model_compare_full,late_fusion_lr,1,fus,"(5.0,10.0]",0.5404896421845575,0.0,0.7993667976429114,9,59,0.1
model_compare_full,late_fusion_lr,1,fus,"[0.0,5.0]",0.5879237288135593,0.125,0.7993667976429114,16,59,0.1
model_compare_full,late_fusion_lr,2,txt,"(10.0,15.0]",0.7000000000000001,0.2,0.5885753706562333,10,60,0.1
model_compare_full,late_fusion_lr,2,txt,"(5.0,10.0]",0.5666666666666668,0.2,0.5885753706562333,5,60,0.1
model_compare_full,late_fusion_lr,2,txt,"[0.0,5.0]",0.6364583333333333,0.125,0.5885753706562333,16,60,0.1
model_compare_full,late_fusion_lr,2,aud,"(10.0,15.0]",0.605,0.3,0.8524503620712722,10,60,0.1
model_compare_full,late_fusion_lr,2,aud,"(5.0,10.0]",0.6133333333333333,0.4,0.8524503620712722,5,60,0.1
model_compare_full,late_fusion_lr,2,aud,"[0.0,5.0]",0.3697916666666667,0.0625,0.8524503620712722,16,60,0.1
model_compare_full,late_fusion_lr,2,fus,"(10.0,15.0]",0.61,0.3,0.8163314747165512,10,60,0.1
model_compare_full,late_fusion_lr,2,fus,"(5.0,10.0]",0.6066666666666667,0.4,0.8163314747165512,5,60,0.1
model_compare_full,late_fusion_lr,2,fus,"[0.0,5.0]",0.37395833333333334,0.0625,0.8163314747165512,16,60,0.1
model_compare_full,late_fusion_lr,3,txt,"(10.0,15.0]",0.3432835820895523,0.0,0.5759415093544863,3,67,0.1
model_compare_full,late_fusion_lr,3,txt,"(5.0,10.0]",0.7398720682302773,0.2857142857142857,0.5759415093544863,7,67,0.1
model_compare_full,late_fusion_lr,3,txt,"[0.0,5.0]",0.732409381663113,0.2857142857142857,0.5759415093544863,14,67,0.1
model_compare_full,late_fusion_lr,3,aud,"(10.0,15.0]",0.5970149253731343,0.3333333333333333,0.7860603862940059,3,67,0.1
model_compare_full,late_fusion_lr,3,aud,"(5.0,10.0]",0.4818763326226013,0.0,0.7860603862940059,7,67,0.1
model_compare_full,late_fusion_lr,3,aud,"[0.0,5.0]",0.5852878464818764,0.14285714285714285,0.7860603862940059,14,67,0.1
model_compare_full,late_fusion_lr,3,fus,"(10.0,15.0]",0.5970149253731343,0.3333333333333333,0.7728169113176246,3,67,0.1
model_compare_full,late_fusion_lr,3,fus,"(5.0,10.0]",0.488272921108742,0.0,0.7728169113176246,7,67,0.1
model_compare_full,late_fusion_lr,3,fus,"[0.0,5.0]",0.5895522388059702,0.14285714285714285,0.7728169113176246,14,67,0.1
model_compare_full,late_fusion_lr,4,txt,"(10.0,15.0]",0.3682539682539683,0.0,0.5531499645945361,5,63,0.1
model_compare_full,late_fusion_lr,4,txt,"(5.0,10.0]",0.47619047619047616,0.14285714285714285,0.5531499645945361,7,63,0.1
model_compare_full,late_fusion_lr,4,txt,"[0.0,5.0]",0.632936507936508,0.375,0.5531499645945361,16,63,0.1
model_compare_full,late_fusion_lr,4,aud,"(10.0,15.0]",0.37142857142857144,0.0,0.7476734673946159,5,63,0.1
model_compare_full,late_fusion_lr,4,aud,"(5.0,10.0]",0.5215419501133787,0.0,0.7476734673946159,7,63,0.1
model_compare_full,late_fusion_lr,4,aud,"[0.0,5.0]",0.6567460317460317,0.25,0.7476734673946159,16,63,0.1
model_compare_full,late_fusion_lr,4,fus,"(10.0,15.0]",0.36190476190476195,0.0,0.7394406736940448,5,63,0.1
model_compare_full,late_fusion_lr,4,fus,"(5.0,10.0]",0.5238095238095238,0.0,0.7394406736940448,7,63,0.1
model_compare_full,late_fusion_lr,4,fus,"[0.0,5.0]",0.6607142857142858,0.25,0.7394406736940448,16,63,0.1
model_compare_full,late_fusion_lr,5,txt,"(10.0,15.0]",0.56,0.0,0.6053231845708986,2,75,0.1
model_compare_full,late_fusion_lr,5,txt,"(5.0,10.0]",0.6666666666666666,0.25,0.6053231845708986,4,75,0.1
model_compare_full,late_fusion_lr,5,txt,"[0.0,5.0]",0.5786666666666667,0.2,0.6053231845708986,10,75,0.1
model_compare_full,late_fusion_lr,5,aud,"(10.0,15.0]",0.35333333333333333,0.0,0.7614363891727532,2,75,0.1
model_compare_full,late_fusion_lr,5,aud,"(5.0,10.0]",0.61,0.25,0.7614363891727532,4,75,0.1
model_compare_full,late_fusion_lr,5,aud,"[0.0,5.0]",0.636,0.2,0.7614363891727532,10,75,0.1
model_compare_full,late_fusion_lr,5,fus,"(10.0,15.0]",0.3466666666666667,0.0,0.7643149009704053,2,75,0.1
model_compare_full,late_fusion_lr,5,fus,"(5.0,10.0]",0.6133333333333333,0.25,0.7643149009704053,4,75,0.1
model_compare_full,late_fusion_lr,5,fus,"[0.0,5.0]",0.6386666666666667,0.2,0.7643149009704053,10,75,0.1
model_compare_full,text_lr,1,txt,"(10.0,15.0]",0.42857142857142855,0.0,0.5758684116345205,7,59,0.1
model_compare_full,text_lr,1,txt,"(5.0,10.0]",0.6120527306967984,0.2222222222222222,0.5758684116345205,9,59,0.1
model_compare_full,text_lr,1,txt,"[0.0,5.0]",0.4819915254237288,0.125,0.5758684116345205,16,59,0.1
model_compare_full,text_lr,2,txt,"(10.0,15.0]",0.7000000000000001,0.2,0.5885753706562333,10,60,0.1
model_compare_full,text_lr,2,txt,"(5.0,10.0]",0.5666666666666668,0.2,0.5885753706562333,5,60,0.1
model_compare_full,text_lr,2,txt,"[0.0,5.0]",0.6364583333333333,0.125,0.5885753706562333,16,60,0.1
model_compare_full,text_lr,3,txt,"(10.0,15.0]",0.3432835820895523,0.0,0.5759415093544863,3,67,0.1
model_compare_full,text_lr,3,txt,"(5.0,10.0]",0.7398720682302773,0.2857142857142857,0.5759415093544863,7,67,0.1
model_compare_full,text_lr,3,txt,"[0.0,5.0]",0.732409381663113,0.2857142857142857,0.5759415093544863,14,67,0.1
model_compare_full,text_lr,4,txt,"(10.0,15.0]",0.3682539682539683,0.0,0.5531499645945361,5,63,0.1
model_compare_full,text_lr,4,txt,"(5.0,10.0]",0.47619047619047616,0.14285714285714285,0.5531499645945361,7,63,0.1
model_compare_full,text_lr,4,txt,"[0.0,5.0]",0.632936507936508,0.375,0.5531499645945361,16,63,0.1
model_compare_full,text_lr,5,txt,"(10.0,15.0]",0.56,0.0,0.6053231845708986,2,75,0.1
model_compare_full,text_lr,5,txt,"(5.0,10.0]",0.6666666666666666,0.25,0.6053231845708986,4,75,0.1
model_compare_full,text_lr,5,txt,"[0.0,5.0]",0.5786666666666667,0.2,0.6053231845708986,10,75,0.1
model_compare_full,text_mlp,1,txt,"(10.0,15.0]",0.4261501210653753,0.0,0.5003622485887071,7,59,0.1
model_compare_full,text_mlp,1,txt,"(5.0,10.0]",0.6365348399246704,0.2222222222222222,0.5003622485887071,9,59,0.1
model_compare_full,text_mlp,1,txt,"[0.0,5.0]",0.4300847457627119,0.0,0.5003622485887071,16,59,0.1
model_compare_full,text_mlp,2,txt,"(10.0,15.0]",0.7616666666666667,0.3,0.40672595514625914,10,60,0.1
model_compare_full,text_mlp,2,txt,"(5.0,10.0]",0.5566666666666666,0.0,0.40672595514625914,5,60,0.1
model_compare_full,text_mlp,2,txt,"[0.0,5.0]",0.6541666666666667,0.1875,0.40672595514625914,16,60,0.1
model_compare_full,text_mlp,3,txt,"(10.0,15.0]",0.2885572139303483,0.0,0.47654334541143833,3,67,0.1
model_compare_full,text_mlp,3,txt,"(5.0,10.0]",0.6908315565031983,0.2857142857142857,0.47654334541143833,7,67,0.1
model_compare_full,text_mlp,3,txt,"[0.0,5.0]",0.5991471215351812,0.14285714285714285,0.47654334541143833,14,67,0.1
model_compare_full,text_mlp,4,txt,"(10.0,15.0]",0.4095238095238095,0.2,0.47997420203216273,5,63,0.1
model_compare_full,text_mlp,4,txt,"(5.0,10.0]",0.44671201814058953,0.0,0.47997420203216273,7,63,0.1
model_compare_full,text_mlp,4,txt,"[0.0,5.0]",0.6011904761904763,0.3125,0.47997420203216273,16,63,0.1
model_compare_full,text_mlp,5,txt,"(10.0,15.0]",0.44,0.0,0.4458543105410152,2,75,0.1
model_compare_full,text_mlp,5,txt,"(5.0,10.0]",0.7266666666666667,0.5,0.4458543105410152,4,75,0.1
model_compare_full,text_mlp,5,txt,"[0.0,5.0]",0.5466666666666666,0.0,0.4458543105410152,10,75,0.1
model_compare_full,text_svm_cal,1,txt,"(10.0,15.0]",0.46246973365617433,0.0,0.3593475653845206,7,59,0.1
model_compare_full,text_svm_cal,1,txt,"(5.0,10.0]",0.6064030131826741,0.2222222222222222,0.3593475653845206,9,59,0.1
model_compare_full,text_svm_cal,1,txt,"[0.0,5.0]",0.4713983050847457,0.125,0.3593475653845206,16,59,0.1
model_compare_full,text_svm_cal,2,txt,"(10.0,15.0]",0.7283333333333333,0.2,0.3634863125371536,10,60,0.1
model_compare_full,text_svm_cal,2,txt,"(5.0,10.0]",0.64,0.2,0.3634863125371536,5,60,0.1
model_compare_full,text_svm_cal,2,txt,"[0.0,5.0]",0.6885416666666666,0.0,0.3634863125371536,16,60,0.1
model_compare_full,text_svm_cal,3,txt,"(10.0,15.0]",0.42288557213930345,0.0,0.3429624174184068,3,67,0.1
model_compare_full,text_svm_cal,3,txt,"(5.0,10.0]",0.7611940298507462,0.42857142857142855,0.3429624174184068,7,67,0.1
model_compare_full,text_svm_cal,3,txt,"[0.0,5.0]",0.7068230277185501,0.2857142857142857,0.3429624174184068,14,67,0.1
model_compare_full,text_svm_cal,4,txt,"(10.0,15.0]",0.48571428571428577,0.0,0.35500025846673894,5,63,0.1
model_compare_full,text_svm_cal,4,txt,"(5.0,10.0]",0.5374149659863945,0.14285714285714285,0.35500025846673894,7,63,0.1
model_compare_full,text_svm_cal,4,txt,"[0.0,5.0]",0.6825396825396826,0.375,0.35500025846673894,16,63,0.1
model_compare_full,text_svm_cal,5,txt,"(10.0,15.0]",0.21333333333333337,0.0,0.33595521869454,2,75,0.1
model_compare_full,text_svm_cal,5,txt,"(5.0,10.0]",0.6866666666666666,0.25,0.33595521869454,4,75,0.1
model_compare_full,text_svm_cal,5,txt,"[0.0,5.0]",0.5986666666666667,0.3,0.33595521869454,10,75,0.1
model_compare_smoke,audio_lr,1,aud,"(10.0,15.0]",0.6174010039040714,0.2727272727272727,0.8951158222674906,11,163,0.1
model_compare_smoke,audio_lr,1,aud,"(5.0,10.0]",0.48856664807585043,0.18181818181818182,0.8951158222674906,11,163,0.1
model_compare_smoke,audio_lr,1,aud,"[0.0,5.0]",0.5738336424596947,0.23255813953488372,0.8951158222674906,43,163,0.1
model_compare_smoke,audio_lr,2,aud,"(10.0,15.0]",0.5986024844720498,0.3125,0.8947261414737638,16,161,0.1
model_compare_smoke,audio_lr,2,aud,"(5.0,10.0]",0.46643005028098194,0.14285714285714285,0.8947261414737638,21,161,0.1
model_compare_smoke,audio_lr,2,aud,"[0.0,5.0]",0.6365388734204327,0.2413793103448276,0.8947261414737638,29,161,0.1
model_compare_smoke,audio_mlp,1,aud,"(10.0,15.0]",0.44171779141104295,0.2727272727272727,0.48134438576289107,11,163,0.1
model_compare_smoke,audio_mlp,1,aud,"(5.0,10.0]",0.5315114333519242,0.18181818181818182,0.48134438576289107,11,163,0.1
model_compare_smoke,audio_mlp,1,aud,"[0.0,5.0]",0.4681124268797261,0.046511627906976744,0.48134438576289107,43,163,0.1
model_compare_smoke,audio_mlp,2,aud,"(10.0,15.0]",0.49029503105590067,0.125,0.4484902942146002,16,161,0.1
model_compare_smoke,audio_mlp,2,aud,"(5.0,10.0]",0.4853593611357586,0.23809523809523808,0.4484902942146002,21,161,0.1
model_compare_smoke,audio_mlp,2,aud,"[0.0,5.0]",0.6194045834225744,0.27586206896551724,0.4484902942146002,29,161,0.1
model_compare_smoke,audio_svm_cal,1,aud,"(10.0,15.0]",0.448968209704406,0.18181818181818182,0.30165761528303703,11,163,0.1
model_compare_smoke,audio_svm_cal,1,aud,"(5.0,10.0]",0.5872838817624093,0.0,0.30165761528303703,11,163,0.1
model_compare_smoke,audio_svm_cal,1,aud,"[0.0,5.0]",0.5037808531887573,0.23255813953488372,0.30165761528303703,43,163,0.1
model_compare_smoke,audio_svm_cal,2,aud,"(10.0,15.0]",0.6459627329192547,0.1875,0.3236413705129251,16,161,0.1
model_compare_smoke,audio_svm_cal,2,aud,"(5.0,10.0]",0.536231884057971,0.14285714285714285,0.3236413705129251,21,161,0.1
model_compare_smoke,audio_svm_cal,2,aud,"[0.0,5.0]",0.5684300706789462,0.20689655172413793,0.3236413705129251,29,161,0.1
model_compare_smoke,early_fusion_lr,1,fus,"(10.0,15.0]",0.675404350250976,0.2727272727272727,0.7371814454404146,11,163,0.1
model_compare_smoke,early_fusion_lr,1,fus,"(5.0,10.0]",0.5895147796988288,0.18181818181818182,0.7371814454404146,11,163,0.1
model_compare_smoke,early_fusion_lr,1,fus,"[0.0,5.0]",0.6132115851048651,0.3023255813953488,0.7371814454404146,43,163,0.1
model_compare_smoke,early_fusion_lr,2,fus,"(10.0,15.0]",0.59277950310559,0.125,0.8405855193565629,16,161,0.1
model_compare_smoke,early_fusion_lr,2,fus,"(5.0,10.0]",0.5791186039633244,0.14285714285714285,0.8405855193565629,21,161,0.1
model_compare_smoke,early_fusion_lr,2,fus,"[0.0,5.0]",0.5470122081816234,0.13793103448275862,0.8405855193565629,29,161,0.1
model_compare_smoke,early_fusion_mlp,1,fus,"(10.0,15.0]",0.6519799219185722,0.36363636363636365,0.5826525501489703,11,163,0.1
model_compare_smoke,early_fusion_mlp,1,fus,"(5.0,10.0]",0.5147796988287786,0.09090909090909091,0.5826525501489703,11,163,0.1
model_compare_smoke,early_fusion_mlp,1,fus,"[0.0,5.0]",0.5435868169496362,0.11627906976744186,0.5826525501489703,43,163,0.1
model_compare_smoke,early_fusion_mlp,2,fus,"(10.0,15.0]",0.5489130434782609,0.0625,0.5298541150701236,16,161,0.1
model_compare_smoke,early_fusion_mlp,2,fus,"(5.0,10.0]",0.5303164744158532,0.047619047619047616,0.5298541150701236,21,161,0.1
model_compare_smoke,early_fusion_mlp,2,fus,"[0.0,5.0]",0.5787106446776612,0.1724137931034483,0.5298541150701236,29,161,0.1
model_compare_smoke,early_fusion_svm_cal,1,fus,"(10.0,15.0]",0.5817066369213608,0.2727272727272727,0.3178110243220639,11,163,0.1
model_compare_smoke,early_fusion_svm_cal,1,fus,"(5.0,10.0]",0.5872838817624094,0.2727272727272727,0.3178110243220639,11,163,0.1
model_compare_smoke,early_fusion_svm_cal,1,fus,"[0.0,5.0]",0.5835354544157513,0.23255813953488372,0.3178110243220639,43,163,0.1
model_compare_smoke,early_fusion_svm_cal,2,fus,"(10.0,15.0]",0.6378105590062112,0.25,0.345901359757523,16,161,0.1
model_compare_smoke,early_fusion_svm_cal,2,fus,"(5.0,10.0]",0.587991718426501,0.09523809523809523,0.345901359757523,21,161,0.1
model_compare_smoke,early_fusion_svm_cal,2,fus,"[0.0,5.0]",0.5620047119297494,0.13793103448275862,0.345901359757523,29,161,0.1
model_compare_smoke,late_fusion_lr,1,txt,"(10.0,15.0]",0.3926380368098159,0.0,0.603486845282868,11,163,0.1
model_compare_smoke,late_fusion_lr,1,txt,"(5.0,10.0]",0.48522030117122145,0.18181818181818182,0.603486845282868,11,163,0.1
model_compare_smoke,late_fusion_lr,1,txt,"[0.0,5.0]",0.5183335711228421,0.13953488372093023,0.603486845282868,43,163,0.1
model_compare_smoke,late_fusion_lr,1,aud,"(10.0,15.0]",0.6174010039040714,0.2727272727272727,0.8951158222674906,11,163,0.1
model_compare_smoke,late_fusion_lr,1,aud,"(5.0,10.0]",0.48856664807585043,0.18181818181818182,0.8951158222674906,11,163,0.1
model_compare_smoke,late_fusion_lr,1,aud,"[0.0,5.0]",0.5738336424596947,0.23255813953488372,0.8951158222674906,43,163,0.1
model_compare_smoke,late_fusion_lr,1,fus,"(10.0,15.0]",0.6151701059676519,0.2727272727272727,0.8324312312560924,11,163,0.1
model_compare_smoke,late_fusion_lr,1,fus,"(5.0,10.0]",0.48689347462353605,0.18181818181818182,0.8324312312560924,11,163,0.1
model_compare_smoke,late_fusion_lr,1,fus,"[0.0,5.0]",0.5746896846911114,0.23255813953488372,0.8324312312560924,43,163,0.1
model_compare_smoke,late_fusion_lr,2,txt,"(10.0,15.0]",0.4607919254658385,0.0625,0.6050606278343591,16,161,0.1
model_compare_smoke,late_fusion_lr,2,txt,"(5.0,10.0]",0.5669920141969831,0.19047619047619047,0.6050606278343591,21,161,0.1
model_compare_smoke,late_fusion_lr,2,txt,"[0.0,5.0]",0.6164060826729493,0.13793103448275862,0.6050606278343591,29,161,0.1
model_compare_smoke,late_fusion_lr,2,aud,"(10.0,15.0]",0.5986024844720498,0.3125,0.8947261414737638,16,161,0.1
model_compare_smoke,late_fusion_lr,2,aud,"(5.0,10.0]",0.46643005028098194,0.14285714285714285,0.8947261414737638,21,161,0.1
model_compare_smoke,late_fusion_lr,2,aud,"[0.0,5.0]",0.6365388734204327,0.2413793103448276,0.8947261414737638,29,161,0.1
model_compare_smoke,late_fusion_lr,2,fus,"(10.0,15.0]",0.5966614906832298,0.3125,0.8421149354226088,16,161,0.1
model_compare_smoke,late_fusion_lr,2,fus,"(5.0,10.0]",0.4682046731736173,0.14285714285714285,0.8421149354226088,21,161,0.1
model_compare_smoke,late_fusion_lr,2,fus,"[0.0,5.0]",0.638680659670165,0.2413793103448276,0.8421149354226088,29,161,0.1
model_compare_smoke,text_lr,1,txt,"(10.0,15.0]",0.3926380368098159,0.0,0.603486845282868,11,163,0.1
model_compare_smoke,text_lr,1,txt,"(5.0,10.0]",0.48522030117122145,0.18181818181818182,0.603486845282868,11,163,0.1
model_compare_smoke,text_lr,1,txt,"[0.0,5.0]",0.5183335711228421,0.13953488372093023,0.603486845282868,43,163,0.1
model_compare_smoke,text_lr,2,txt,"(10.0,15.0]",0.4607919254658385,0.0625,0.6050606278343591,16,161,0.1
model_compare_smoke,text_lr,2,txt,"(5.0,10.0]",0.5669920141969831,0.19047619047619047,0.6050606278343591,21,161,0.1
model_compare_smoke,text_lr,2,txt,"[0.0,5.0]",0.6164060826729493,0.13793103448275862,0.6050606278343591,29,161,0.1
model_compare_smoke,text_mlp,1,txt,"(10.0,15.0]",0.5264919129949804,0.18181818181818182,0.499415231066916,11,163,0.1
model_compare_smoke,text_mlp,1,txt,"(5.0,10.0]",0.6999442275515895,0.36363636363636365,0.499415231066916,11,163,0.1
model_compare_smoke,text_mlp,1,txt,"[0.0,5.0]",0.615351690683407,0.20930232558139536,0.499415231066916,43,163,0.1
model_compare_smoke,text_mlp,2,txt,"(10.0,15.0]",0.48680124223602483,0.125,0.4929954635569982,16,161,0.1
model_compare_smoke,text_mlp,2,txt,"(5.0,10.0]",0.608695652173913,0.19047619047619047,0.4929954635569982,21,161,0.1
model_compare_smoke,text_mlp,2,txt,"[0.0,5.0]",0.5825658599271792,0.10344827586206896,0.4929954635569982,29,161,0.1
model_compare_smoke,text_svm_cal,1,txt,"(10.0,15.0]",0.44060234244283325,0.0,0.368872525543937,11,163,0.1
model_compare_smoke,text_svm_cal,1,txt,"(5.0,10.0]",0.5231455660903515,0.18181818181818182,0.368872525543937,11,163,0.1
model_compare_smoke,text_svm_cal,1,txt,"[0.0,5.0]",0.5475816806962477,0.20930232558139536,0.368872525543937,43,163,0.1
model_compare_smoke,text_svm_cal,2,txt,"(10.0,15.0]",0.45496894409937894,0.0625,0.331093766852758,16,161,0.1
model_compare_smoke,text_svm_cal,2,txt,"(5.0,10.0]",0.6415261756876663,0.19047619047619047,0.331093766852758,21,161,0.1
model_compare_smoke,text_svm_cal,2,txt,"[0.0,5.0]",0.6149068322981367,0.3448275862068966,0.331093766852758,29,161,0.1
test_0,text_lr,1,txt,"(10.0,15.0]",0.3926380368098159,0.0,0.603486845282868,11,163,0.1
test_0,text_lr,1,txt,"(5.0,10.0]",0.48522030117122145,0.18181818181818182,0.603486845282868,11,163,0.1
test_0,text_lr,1,txt,"[0.0,5.0]",0.5183335711228421,0.13953488372093023,0.603486845282868,43,163,0.1
test_0,text_lr,2,txt,"(10.0,15.0]",0.4607919254658385,0.0625,0.6050606278343591,16,161,0.1
test_0,text_lr,2,txt,"(5.0,10.0]",0.5669920141969831,0.19047619047619047,0.6050606278343591,21,161,0.1
test_0,text_lr,2,txt,"[0.0,5.0]",0.6164060826729493,0.13793103448275862,0.6050606278343591,29,161,0.1
test_0_audio,audio_lr,1,aud,"(10.0,15.0]",0.6201896263245957,0.2727272727272727,0.8936742155344096,11,163,0.1
test_0_audio,audio_lr,1,aud,"(5.0,10.0]",0.486893474623536,0.18181818181818182,0.8936742155344096,11,163,0.1
test_0_audio,audio_lr,1,aud,"[0.0,5.0]",0.5759737480382366,0.23255813953488372,0.8936742155344096,43,163,0.1
test_0_audio,audio_lr,2,aud,"(10.0,15.0]",0.593167701863354,0.3125,0.8961002071676815,16,161,0.1
test_0_audio,audio_lr,2,aud,"(5.0,10.0]",0.4645075421472937,0.14285714285714285,0.8961002071676815,21,161,0.1
test_0_audio,audio_lr,2,aud,"[0.0,5.0]",0.6352538016705932,0.2413793103448276,0.8961002071676815,29,161,0.1
test_0_fusion,late_fusion_lr,1,txt,"(10.0,15.0]",0.3926380368098159,0.0,0.603486845282868,11,163,0.1
test_0_fusion,late_fusion_lr,1,txt,"(5.0,10.0]",0.48522030117122145,0.18181818181818182,0.603486845282868,11,163,0.1
test_0_fusion,late_fusion_lr,1,txt,"[0.0,5.0]",0.5183335711228421,0.13953488372093023,0.603486845282868,43,163,0.1
test_0_fusion,late_fusion_lr,1,aud,"(10.0,15.0]",0.6174010039040714,0.2727272727272727,0.8951158222674906,11,163,0.1
test_0_fusion,late_fusion_lr,1,aud,"(5.0,10.0]",0.48856664807585043,0.18181818181818182,0.8951158222674906,11,163,0.1
test_0_fusion,late_fusion_lr,1,aud,"[0.0,5.0]",0.5738336424596947,0.23255813953488372,0.8951158222674906,43,163,0.1
test_0_fusion,late_fusion_lr,1,fus,"(10.0,15.0]",0.6151701059676519,0.2727272727272727,0.8324312312560924,11,163,0.1
test_0_fusion,late_fusion_lr,1,fus,"(5.0,10.0]",0.48689347462353605,0.18181818181818182,0.8324312312560924,11,163,0.1
test_0_fusion,late_fusion_lr,1,fus,"[0.0,5.0]",0.5746896846911114,0.23255813953488372,0.8324312312560924,43,163,0.1
test_0_fusion,late_fusion_lr,2,txt,"(10.0,15.0]",0.4607919254658385,0.0625,0.6050606278343591,16,161,0.1
test_0_fusion,late_fusion_lr,2,txt,"(5.0,10.0]",0.5669920141969831,0.19047619047619047,0.6050606278343591,21,161,0.1
test_0_fusion,late_fusion_lr,2,txt,"[0.0,5.0]",0.6164060826729493,0.13793103448275862,0.6050606278343591,29,161,0.1
test_0_fusion,late_fusion_lr,2,aud,"(10.0,15.0]",0.5986024844720498,0.3125,0.8947261414737638,16,161,0.1
test_0_fusion,late_fusion_lr,2,aud,"(5.0,10.0]",0.46643005028098194,0.14285714285714285,0.8947261414737638,21,161,0.1
test_0_fusion,late_fusion_lr,2,aud,"[0.0,5.0]",0.6365388734204327,0.2413793103448276,0.8947261414737638,29,161,0.1
test_0_fusion,late_fusion_lr,2,fus,"(10.0,15.0]",0.5966614906832298,0.3125,0.8421149354226088,16,161,0.1
test_0_fusion,late_fusion_lr,2,fus,"(5.0,10.0]",0.4682046731736173,0.14285714285714285,0.8421149354226088,21,161,0.1
test_0_fusion,late_fusion_lr,2,fus,"[0.0,5.0]",0.638680659670165,0.2413793103448276,0.8421149354226088,29,161,0.1
test_1_baseline_v1,audio_lr,1,aud,"(10.0,15.0]",0.5447941888619855,0.14285714285714285,0.8555975731483603,7,59,0.1
test_1_baseline_v1,audio_lr,1,aud,"(5.0,10.0]",0.5348399246704332,0.0,0.8555975731483603,9,59,0.1
test_1_baseline_v1,audio_lr,1,aud,"[0.0,5.0]",0.5921610169491525,0.125,0.8555975731483603,16,59,0.1
test_1_baseline_v1,audio_lr,2,aud,"(10.0,15.0]",0.605,0.3,0.8524503620712722,10,60,0.1
test_1_baseline_v1,audio_lr,2,aud,"(5.0,10.0]",0.6133333333333333,0.4,0.8524503620712722,5,60,0.1
test_1_baseline_v1,audio_lr,2,aud,"[0.0,5.0]",0.3697916666666667,0.0625,0.8524503620712722,16,60,0.1
test_1_baseline_v1,audio_lr,3,aud,"(10.0,15.0]",0.5970149253731343,0.3333333333333333,0.7860603862940059,3,67,0.1
test_1_baseline_v1,audio_lr,3,aud,"(5.0,10.0]",0.4818763326226013,0.0,0.7860603862940059,7,67,0.1
test_1_baseline_v1,audio_lr,3,aud,"[0.0,5.0]",0.5852878464818764,0.14285714285714285,0.7860603862940059,14,67,0.1
test_1_baseline_v1,audio_lr,4,aud,"(10.0,15.0]",0.37142857142857144,0.0,0.7476734673946159,5,63,0.1
test_1_baseline_v1,audio_lr,4,aud,"(5.0,10.0]",0.5215419501133787,0.0,0.7476734673946159,7,63,0.1
test_1_baseline_v1,audio_lr,4,aud,"[0.0,5.0]",0.6567460317460317,0.25,0.7476734673946159,16,63,0.1
test_1_baseline_v1,audio_lr,5,aud,"(10.0,15.0]",0.35333333333333333,0.0,0.7614363891727532,2,75,0.1
test_1_baseline_v1,audio_lr,5,aud,"(5.0,10.0]",0.61,0.25,0.7614363891727532,4,75,0.1
test_1_baseline_v1,audio_lr,5,aud,"[0.0,5.0]",0.636,0.2,0.7614363891727532,10,75,0.1
test_1_baseline_v1,late_fusion_lr,1,txt,"(10.0,15.0]",0.42857142857142855,0.0,0.5758684116345205,7,59,0.1
test_1_baseline_v1,late_fusion_lr,1,txt,"(5.0,10.0]",0.6120527306967984,0.2222222222222222,0.5758684116345205,9,59,0.1
test_1_baseline_v1,late_fusion_lr,1,txt,"[0.0,5.0]",0.4819915254237288,0.125,0.5758684116345205,16,59,0.1
test_1_baseline_v1,late_fusion_lr,1,aud,"(10.0,15.0]",0.5447941888619855,0.14285714285714285,0.8555975731483603,7,59,0.1
test_1_baseline_v1,late_fusion_lr,1,aud,"(5.0,10.0]",0.5348399246704332,0.0,0.8555975731483603,9,59,0.1
test_1_baseline_v1,late_fusion_lr,1,aud,"[0.0,5.0]",0.5921610169491525,0.125,0.8555975731483603,16,59,0.1
test_1_baseline_v1,late_fusion_lr,1,fus,"(10.0,15.0]",0.5423728813559322,0.14285714285714285,0.7993667976429114,7,59,0.1
test_1_baseline_v1,late_fusion_lr,1,fus,"(5.0,10.0]",0.5404896421845575,0.0,0.7993667976429114,9,59,0.1
test_1_baseline_v1,late_fusion_lr,1,fus,"[0.0,5.0]",0.5879237288135593,0.125,0.7993667976429114,16,59,0.1
test_1_baseline_v1,late_fusion_lr,2,txt,"(10.0,15.0]",0.7000000000000001,0.2,0.5885753706562333,10,60,0.1
test_1_baseline_v1,late_fusion_lr,2,txt,"(5.0,10.0]",0.5666666666666668,0.2,0.5885753706562333,5,60,0.1
test_1_baseline_v1,late_fusion_lr,2,txt,"[0.0,5.0]",0.6364583333333333,0.125,0.5885753706562333,16,60,0.1
test_1_baseline_v1,late_fusion_lr,2,aud,"(10.0,15.0]",0.605,0.3,0.8524503620712722,10,60,0.1
test_1_baseline_v1,late_fusion_lr,2,aud,"(5.0,10.0]",0.6133333333333333,0.4,0.8524503620712722,5,60,0.1
test_1_baseline_v1,late_fusion_lr,2,aud,"[0.0,5.0]",0.3697916666666667,0.0625,0.8524503620712722,16,60,0.1
test_1_baseline_v1,late_fusion_lr,2,fus,"(10.0,15.0]",0.61,0.3,0.8163314747165512,10,60,0.1
test_1_baseline_v1,late_fusion_lr,2,fus,"(5.0,10.0]",0.6066666666666667,0.4,0.8163314747165512,5,60,0.1
test_1_baseline_v1,late_fusion_lr,2,fus,"[0.0,5.0]",0.37395833333333334,0.0625,0.8163314747165512,16,60,0.1
test_1_baseline_v1,late_fusion_lr,3,txt,"(10.0,15.0]",0.3432835820895523,0.0,0.5759415093544863,3,67,0.1
test_1_baseline_v1,late_fusion_lr,3,txt,"(5.0,10.0]",0.7398720682302773,0.2857142857142857,0.5759415093544863,7,67,0.1
test_1_baseline_v1,late_fusion_lr,3,txt,"[0.0,5.0]",0.732409381663113,0.2857142857142857,0.5759415093544863,14,67,0.1
test_1_baseline_v1,late_fusion_lr,3,aud,"(10.0,15.0]",0.5970149253731343,0.3333333333333333,0.7860603862940059,3,67,0.1
test_1_baseline_v1,late_fusion_lr,3,aud,"(5.0,10.0]",0.4818763326226013,0.0,0.7860603862940059,7,67,0.1
test_1_baseline_v1,late_fusion_lr,3,aud,"[0.0,5.0]",0.5852878464818764,0.14285714285714285,0.7860603862940059,14,67,0.1
test_1_baseline_v1,late_fusion_lr,3,fus,"(10.0,15.0]",0.5970149253731343,0.3333333333333333,0.7728169113176246,3,67,0.1
test_1_baseline_v1,late_fusion_lr,3,fus,"(5.0,10.0]",0.488272921108742,0.0,0.7728169113176246,7,67,0.1
test_1_baseline_v1,late_fusion_lr,3,fus,"[0.0,5.0]",0.5895522388059702,0.14285714285714285,0.7728169113176246,14,67,0.1
test_1_baseline_v1,late_fusion_lr,4,txt,"(10.0,15.0]",0.3682539682539683,0.0,0.5531499645945361,5,63,0.1
test_1_baseline_v1,late_fusion_lr,4,txt,"(5.0,10.0]",0.47619047619047616,0.14285714285714285,0.5531499645945361,7,63,0.1
test_1_baseline_v1,late_fusion_lr,4,txt,"[0.0,5.0]",0.632936507936508,0.375,0.5531499645945361,16,63,0.1
test_1_baseline_v1,late_fusion_lr,4,aud,"(10.0,15.0]",0.37142857142857144,0.0,0.7476734673946159,5,63,0.1
test_1_baseline_v1,late_fusion_lr,4,aud,"(5.0,10.0]",0.5215419501133787,0.0,0.7476734673946159,7,63,0.1
test_1_baseline_v1,late_fusion_lr,4,aud,"[0.0,5.0]",0.6567460317460317,0.25,0.7476734673946159,16,63,0.1
test_1_baseline_v1,late_fusion_lr,4,fus,"(10.0,15.0]",0.36190476190476195,0.0,0.7394406736940448,5,63,0.1
test_1_baseline_v1,late_fusion_lr,4,fus,"(5.0,10.0]",0.5238095238095238,0.0,0.7394406736940448,7,63,0.1
test_1_baseline_v1,late_fusion_lr,4,fus,"[0.0,5.0]",0.6607142857142858,0.25,0.7394406736940448,16,63,0.1
test_1_baseline_v1,late_fusion_lr,5,txt,"(10.0,15.0]",0.56,0.0,0.6053231845708986,2,75,0.1
test_1_baseline_v1,late_fusion_lr,5,txt,"(5.0,10.0]",0.6666666666666666,0.25,0.6053231845708986,4,75,0.1
test_1_baseline_v1,late_fusion_lr,5,txt,"[0.0,5.0]",0.5786666666666667,0.2,0.6053231845708986,10,75,0.1
test_1_baseline_v1,late_fusion_lr,5,aud,"(10.0,15.0]",0.35333333333333333,0.0,0.7614363891727532,2,75,0.1
test_1_baseline_v1,late_fusion_lr,5,aud,"(5.0,10.0]",0.61,0.25,0.7614363891727532,4,75,0.1
test_1_baseline_v1,late_fusion_lr,5,aud,"[0.0,5.0]",0.636,0.2,0.7614363891727532,10,75,0.1
test_1_baseline_v1,late_fusion_lr,5,fus,"(10.0,15.0]",0.3466666666666667,0.0,0.7643149009704053,2,75,0.1
test_1_baseline_v1,late_fusion_lr,5,fus,"(5.0,10.0]",0.6133333333333333,0.25,0.7643149009704053,4,75,0.1
test_1_baseline_v1,late_fusion_lr,5,fus,"[0.0,5.0]",0.6386666666666667,0.2,0.7643149009704053,10,75,0.1
test_1_baseline_v1,text_lr,1,txt,"(10.0,15.0]",0.42857142857142855,0.0,0.5758684116345205,7,59,0.1
test_1_baseline_v1,text_lr,1,txt,"(5.0,10.0]",0.6120527306967984,0.2222222222222222,0.5758684116345205,9,59,0.1
test_1_baseline_v1,text_lr,1,txt,"[0.0,5.0]",0.4819915254237288,0.125,0.5758684116345205,16,59,0.1
test_1_baseline_v1,text_lr,2,txt,"(10.0,15.0]",0.7000000000000001,0.2,0.5885753706562333,10,60,0.1
test_1_baseline_v1,text_lr,2,txt,"(5.0,10.0]",0.5666666666666668,0.2,0.5885753706562333,5,60,0.1
test_1_baseline_v1,text_lr,2,txt,"[0.0,5.0]",0.6364583333333333,0.125,0.5885753706562333,16,60,0.1
test_1_baseline_v1,text_lr,3,txt,"(10.0,15.0]",0.3432835820895523,0.0,0.5759415093544863,3,67,0.1
test_1_baseline_v1,text_lr,3,txt,"(5.0,10.0]",0.7398720682302773,0.2857142857142857,0.5759415093544863,7,67,0.1
test_1_baseline_v1,text_lr,3,txt,"[0.0,5.0]",0.732409381663113,0.2857142857142857,0.5759415093544863,14,67,0.1
test_1_baseline_v1,text_lr,4,txt,"(10.0,15.0]",0.3682539682539683,0.0,0.5531499645945361,5,63,0.1
test_1_baseline_v1,text_lr,4,txt,"(5.0,10.0]",0.47619047619047616,0.14285714285714285,0.5531499645945361,7,63,0.1
test_1_baseline_v1,text_lr,4,txt,"[0.0,5.0]",0.632936507936508,0.375,0.5531499645945361,16,63,0.1
test_1_baseline_v1,text_lr,5,txt,"(10.0,15.0]",0.56,0.0,0.6053231845708986,2,75,0.1
test_1_baseline_v1,text_lr,5,txt,"(5.0,10.0]",0.6666666666666666,0.25,0.6053231845708986,4,75,0.1
test_1_baseline_v1,text_lr,5,txt,"[0.0,5.0]",0.5786666666666667,0.2,0.6053231845708986,10,75,0.1
